ranking,threshold_percent,selected_source_count,vulnerable_sources_in_selected_set,total_candidate_queries,expected_detected_sources,probability_detect_all13,uniform_overflow,source1627_rank,source1627_queries,source1627_detection_probability
raw_margin,10,9,8,840,5.211769538998256,0.0,False,44,0,0.0
raw_margin,10,9,8,8400,6.2521164830319185,0.0,False,44,0,0.0
raw_margin,10,9,8,84000,11.280695199150468,0.013853262883133119,True,44,277,0.03990779426595592
raw_margin,25,21,12,840,6.026648430201078,0.0,False,44,0,0.0
raw_margin,25,21,12,8400,9.423617373198564,0.0,False,44,0,0.0
raw_margin,25,21,12,84000,11.047825932741205,0.0,False,44,0,0.0
raw_margin,50,42,12,840,4.841235114294662,0.0,False,44,0,0.0
raw_margin,50,42,12,8400,8.624041881066294,0.0,False,44,0,0.0
raw_margin,50,42,12,84000,10.544191206151718,0.0,False,44,0,0.0
margin_per_horizon,10,9,8,840,5.211769538998256,0.0,False,42,0,0.0
margin_per_horizon,10,9,8,8400,6.2521164830319185,0.0,False,42,0,0.0
margin_per_horizon,10,9,8,84000,11.280695199150468,0.013853262883133119,True,42,277,0.03990779426595592
margin_per_horizon,25,21,12,840,6.026648430201078,0.0,False,42,0,0.0
margin_per_horizon,25,21,12,8400,9.423617373198564,0.0,False,42,0,0.0
margin_per_horizon,25,21,12,84000,11.047825932741205,0.0,False,42,0,0.0
margin_per_horizon,50,42,13,840,4.844116543483539,1.9511778677558887e-13,False,42,20,0.0028814291888776835
margin_per_horizon,50,42,13,8400,8.652856172955072,3.0232016845462053e-06,False,42,200,0.028814291888776836
margin_per_horizon,50,42,13,84000,10.832334125039486,0.02149262101788005,False,42,2000,0.28814291888776833
