source_index,label,neighbors,A_correct,B_correct,A_T0,A_T0_source_rate,A_T1,A_T1_source_rate,A_T2,A_T2_source_rate,A_T3,A_T3_source_rate,A_adverse,A_adverse_source_rate,A_corrective,A_corrective_source_rate,A_lateral,A_lateral_source_rate,B_T0,B_T0_source_rate,B_T1,B_T1_source_rate,B_T2,B_T2_source_rate,B_T3,B_T3_source_rate,B_adverse,B_adverse_source_rate,B_corrective,B_corrective_source_rate,B_lateral,B_lateral_source_rate
18,0,13138,True,True,2545,0.19371289389557012,1170,0.08905465063175522,9282,0.706500228345258,141,0.010732227127416654,141,0.010732227127416654,0,0.0,0,0.0,685,0.05213883391688233,1249,0.09506774242654895,11204,0.8527934236565687,0,0.0,0,0.0,0,0.0,0,0.0
90,0,11912,True,True,2757,0.23144728005372733,1114,0.0935191403626595,8041,0.6750335795836132,0,0.0,0,0.0,0,0.0,0,0.0,3965,0.3328576225654802,1730,0.14523169912693082,6217,0.521910678307589,0,0.0,0,0.0,0,0.0,0,0.0
314,0,13387,True,True,1968,0.14700829162620452,1880,0.14043475013072385,9539,0.7125569582430716,0,0.0,0,0.0,0,0.0,0,0.0,894,0.06678120564726973,217,0.016209755733173976,12276,0.9170090386195563,0,0.0,0,0.0,0,0.0,0,0.0
495,1,23728,True,True,971,0.040922117329737016,5522,0.23272083614295347,17235,0.7263570465273095,0,0.0,0,0.0,0,0.0,0,0.0,484,0.020397842211732974,2483,0.10464430209035738,20761,0.8749578556979096,0,0.0,0,0.0,0,0.0,0,0.0
522,1,16356,False,True,3310,0.20237221814624604,2424,0.14820249449743214,10622,0.6494252873563219,0,0.0,0,0.0,0,0.0,0,0.0,1647,0.10069699192956713,883,0.053986304719980435,13826,0.8453167033504524,0,0.0,0,0.0,0,0.0,0,0.0
597,1,10292,True,False,1201,0.1166925767586475,162,0.01574038087835212,8904,0.8651379712397979,25,0.0024290711232024874,25,0.0024290711232024874,0,0.0,0,0.0,1326,0.12883793237465993,53,0.0051496307811892735,8913,0.8660124368441507,0,0.0,0,0.0,0,0.0,0,0.0
813,2,17372,False,False,2562,0.14747870135850794,1655,0.09526824775500806,13155,0.757253050886484,0,0.0,0,0.0,0,0.0,0,0.0,2764,0.15910660833525214,1002,0.05767902371632512,11507,0.6623877504029473,2099,0.12082661754547548,0,0.0,0,0.0,2099,0.12082661754547548
901,2,12381,True,True,741,0.05984976980857766,568,0.045876746627897584,11072,0.8942734835635248,0,0.0,0,0.0,0,0.0,0,0.0,1739,0.1404571520878766,309,0.024957596316937242,10333,0.8345852515951862,0,0.0,0,0.0,0,0.0,0,0.0
914,2,10648,False,True,699,0.06564613072877536,163,0.015308039068369647,9786,0.919045830202855,0,0.0,0,0.0,0,0.0,0,0.0,280,0.02629601803155522,378,0.035499624342599546,4960,0.4658151765589782,5030,0.472389181066867,5030,0.472389181066867,0,0.0,0,0.0
1199,3,10550,False,False,2253,0.21355450236966825,25,0.002369668246445498,8272,0.7840758293838862,0,0.0,0,0.0,0,0.0,0,0.0,3109,0.2946919431279621,962,0.09118483412322274,6078,0.5761137440758294,401,0.038009478672985784,0,0.0,0,0.0,401,0.038009478672985784
1252,3,19030,True,True,1125,0.05911718339464004,3205,0.16841828691539673,14700,0.7724645296899633,0,0.0,0,0.0,0,0.0,0,0.0,851,0.044718864950078825,1727,0.0907514450867052,16452,0.864529689963216,0,0.0,0,0.0,0,0.0,0,0.0
1386,3,12877,True,True,1790,0.1390075328104372,2147,0.16673138153296577,8940,0.694261085656597,0,0.0,0,0.0,0,0.0,0,0.0,1020,0.07921099635008154,319,0.024772850819290208,11538,0.8960161528306283,0,0.0,0,0.0,0,0.0,0,0.0
1534,4,22632,False,True,847,0.0374248851184164,1060,0.04683633792859668,20725,0.9157387769529869,0,0.0,0,0.0,0,0.0,0,0.0,462,0.0204135737009544,1909,0.08434959349593496,20261,0.8952368328031106,0,0.0,0,0.0,0,0.0,0,0.0
1627,4,12872,True,True,901,0.06999689247980112,547,0.04249533871970168,11412,0.8865755127408328,12,0.0009322560596643878,12,0.0009322560596643878,0,0.0,0,0.0,1719,0.13354568054692356,662,0.051429459291485395,10491,0.815024860161591,0,0.0,0,0.0,0,0.0,0,0.0
1755,4,11394,True,True,794,0.06968579954361945,620,0.054414604177637355,9980,0.8758995962787433,0,0.0,0,0.0,0,0.0,0,0.0,3000,0.2632964718272775,322,0.028260487976127787,8072,0.7084430401965947,0,0.0,0,0.0,0,0.0,0,0.0
1986,5,13498,True,True,2243,0.16617276633575345,1800,0.13335308934656986,9455,0.7004741443176767,0,0.0,0,0.0,0,0.0,0,0.0,3796,0.2812268484219884,957,0.07089939250259297,8745,0.6478737590754186,0,0.0,0,0.0,0,0.0,0,0.0
2091,5,11514,True,True,1289,0.11195066875108564,1214,0.10543685947542122,9011,0.7826124717734931,0,0.0,0,0.0,0,0.0,0,0.0,1261,0.10951884662150425,566,0.04915754733368074,9687,0.841323606044815,0,0.0,0,0.0,0,0.0,0,0.0
2140,5,14049,True,False,4057,0.28877500177948606,830,0.05907893800270482,9162,0.6521460602178091,0,0.0,0,0.0,0,0.0,0,0.0,1854,0.13196668802049968,305,0.021709730229909602,11610,0.8263933376040999,280,0.019930244145490782,0,0.0,12,0.0008541533205210335,268,0.01907609082496975
2304,6,8105,True,True,1665,0.2054287476866132,160,0.01974090067859346,6280,0.7748303516347933,0,0.0,0,0.0,0,0.0,0,0.0,1496,0.18457742134484886,1312,0.16187538556446637,5297,0.6535471930906848,0,0.0,0,0.0,0,0.0,0,0.0
2444,6,9691,True,True,216,0.02228872149416985,124,0.012795377154060468,9351,0.9649159013517696,0,0.0,0,0.0,0,0.0,0,0.0,601,0.06201630378701888,274,0.028273655969456198,8816,0.909710040243525,0,0.0,0,0.0,0,0.0,0,0.0
2501,6,6433,False,False,1869,0.29053318824809576,345,0.05362972174724079,4219,0.6558370900046635,0,0.0,0,0.0,0,0.0,0,0.0,1784,0.2773200683973263,120,0.01865381625990984,4529,0.7040261153427638,0,0.0,0,0.0,0,0.0,0,0.0
2554,7,18045,True,True,3170,0.17567193128290384,1533,0.08495428096425603,13342,0.7393737877528401,0,0.0,0,0.0,0,0.0,0,0.0,4440,0.2460515378221114,2641,0.14635633139373788,10964,0.6075921307841508,0,0.0,0,0.0,0,0.0,0,0.0
2588,7,11642,False,False,2183,0.18751073698677204,761,0.06536677546813262,8698,0.7471224875450954,0,0.0,0,0.0,0,0.0,0,0.0,882,0.07576017866345988,212,0.018209929565366774,10548,0.9060298917711733,0,0.0,0,0.0,0,0.0,0,0.0
2601,7,14721,True,True,1919,0.1303579919842402,1311,0.08905644996943142,11491,0.7805855580463283,0,0.0,0,0.0,0,0.0,0,0.0,3571,0.24257862916921405,1175,0.07981794715032946,9975,0.6776034236804565,0,0.0,0,0.0,0,0.0,0,0.0
3083,8,6696,True,True,1201,0.17936081242532856,1049,0.15666069295101553,4446,0.6639784946236559,0,0.0,0,0.0,0,0.0,0,0.0,677,0.10110513739545998,19,0.002837514934289128,6000,0.8960573476702509,0,0.0,0,0.0,0,0.0,0,0.0
3223,8,9593,True,True,2557,0.26654852496612114,133,0.01386427603460857,6903,0.7195871989992703,0,0.0,0,0.0,0,0.0,0,0.0,2282,0.2378817888043365,151,0.01574064421974356,7160,0.74637756697592,0,0.0,0,0.0,0,0.0,0,0.0
3277,8,12277,True,True,1444,0.1176183106622139,222,0.01808259346745948,10611,0.8642990958703266,0,0.0,0,0.0,0,0.0,0,0.0,4538,0.3696342754744644,720,0.05864624908365236,7019,0.5717194754418832,0,0.0,0,0.0,0,0.0,0,0.0
3403,9,11006,False,False,1863,0.16927130656005815,1224,0.11121206614573868,7919,0.7195166272942032,0,0.0,0,0.0,0,0.0,0,0.0,2541,0.23087406868980556,511,0.04642922042522261,7954,0.7226967108849718,0,0.0,0,0.0,0,0.0,0,0.0
3424,9,17684,True,True,1339,0.075718163311468,1844,0.10427505089346302,14501,0.820006785795069,0,0.0,0,0.0,0,0.0,0,0.0,1643,0.09290884415290658,4098,0.2317349016059715,11943,0.6753562542411219,0,0.0,0,0.0,0,0.0,0,0.0
3505,9,11342,True,True,664,0.0585434667607124,1361,0.1199964732851349,9317,0.8214600599541527,0,0.0,0,0.0,0,0.0,0,0.0,976,0.08605184270851701,1197,0.10553694233821195,9169,0.8084112149532711,0,0.0,0,0.0,0,0.0,0,0.0
3657,10,13004,True,True,2113,0.16248846508766535,471,0.036219624730852044,10420,0.8012919101814826,0,0.0,0,0.0,0,0.0,0,0.0,1176,0.09043371270378345,147,0.011304214087972931,11681,0.8982620732082436,0,0.0,0,0.0,0,0.0,0,0.0
3658,10,13269,True,True,698,0.05260381339965333,571,0.043032632451578866,12000,0.9043635541487678,0,0.0,0,0.0,0,0.0,0,0.0,433,0.03263245157886804,541,0.040771723566206945,12295,0.926595824854925,0,0.0,0,0.0,0,0.0,0,0.0
3770,10,10077,True,True,740,0.07343455393470279,582,0.05775528431080679,8755,0.8688101617544904,0,0.0,0,0.0,0,0.0,0,0.0,634,0.06291555026297509,342,0.03393867222387616,9101,0.9031457775131487,0,0.0,0,0.0,0,0.0,0,0.0
4050,11,13310,False,False,788,0.05920360631104433,795,0.05972952667167543,11727,0.8810668670172802,0,0.0,0,0.0,0,0.0,0,0.0,758,0.0569496619083396,134,0.010067618332081142,12418,0.9329827197595792,0,0.0,0,0.0,0,0.0,0,0.0
4095,11,16403,False,False,2675,0.16307992440407243,3966,0.24178503932207523,9762,0.5951350362738523,0,0.0,0,0.0,0,0.0,0,0.0,1589,0.09687252331890508,313,0.019081875266719502,14501,0.8840456014143754,0,0.0,0,0.0,0,0.0,0,0.0
4284,12,10124,False,False,649,0.06410509679968392,308,0.030422757803239827,9167,0.9054721453970762,0,0.0,0,0.0,0,0.0,0,0.0,1820,0.17977084156459897,110,0.010865270644014224,8194,0.8093638877913868,0,0.0,0,0.0,0,0.0,0,0.0
4422,12,12193,True,True,2979,0.24432051176904782,2737,0.2244730583121463,6477,0.5312064299188058,0,0.0,0,0.0,0,0.0,0,0.0,1090,0.08939555482653982,196,0.016074797014680554,10907,0.8945296481587797,0,0.0,0,0.0,0,0.0,0,0.0
4499,12,13276,False,True,1470,0.1107261223260018,398,0.029978909310033143,11408,0.859294968363965,0,0.0,0,0.0,0,0.0,0,0.0,1006,0.0757758360952094,139,0.010470021090689967,5886,0.4433564326604399,6245,0.4703977101536607,6245,0.4703977101536607,0,0.0,0,0.0
4655,13,15265,True,True,2936,0.19233540779561087,1406,0.09210612512283001,10923,0.7155584670815591,0,0.0,0,0.0,0,0.0,0,0.0,3605,0.2361611529642974,614,0.04022273173927285,11046,0.7236161152964298,0,0.0,0,0.0,0,0.0,0,0.0
4737,13,12163,False,False,1325,0.1089369398996958,473,0.03888843213023103,10365,0.8521746279700732,0,0.0,0,0.0,0,0.0,0,0.0,842,0.06922634218531612,174,0.014305681164186467,11147,0.9164679766504974,0,0.0,0,0.0,0,0.0,0,0.0
4757,13,9093,False,False,300,0.03299241174529858,218,0.023974485868250302,6177,0.6793137578356978,2398,0.26371934455075335,0,0.0,0,0.0,2398,0.26371934455075335,163,0.017925877048278895,126,0.013856812933025405,8804,0.9682173100186957,0,0.0,0,0.0,0,0.0,0,0.0
4959,14,13588,True,True,541,0.039814542243155726,590,0.0434206652929055,12457,0.9167647924639387,0,0.0,0,0.0,0,0.0,0,0.0,3303,0.24308213129231676,1033,0.07602296143656168,9252,0.6808949072711216,0,0.0,0,0.0,0,0.0,0,0.0
4983,14,19150,True,True,1053,0.054986945169712795,1942,0.10140992167101828,16155,0.8436031331592689,0,0.0,0,0.0,0,0.0,0,0.0,925,0.048302872062663184,445,0.023237597911227155,17767,0.927780678851175,13,0.0006788511749347258,13,0.0006788511749347258,0,0.0,0,0.0
5264,14,8159,True,True,124,0.015197940924132859,89,0.01090819953425665,7946,0.9738938595416105,0,0.0,0,0.0,0,0.0,0,0.0,383,0.046942027209216815,752,0.09216815786248314,7024,0.8608898149283001,0,0.0,0,0.0,0,0.0,0,0.0
5337,15,11455,True,True,2301,0.20087298123090352,638,0.05569620253164557,8516,0.7434308162374509,0,0.0,0,0.0,0,0.0,0,0.0,1017,0.08878219118288956,615,0.053688345700567436,9823,0.857529463116543,0,0.0,0,0.0,0,0.0,0,0.0
5356,15,13565,True,True,2994,0.22071507556210837,312,0.02300036859565057,10259,0.7562845558422411,0,0.0,0,0.0,0,0.0,0,0.0,1602,0.11809804644305197,686,0.05057132325838555,11277,0.8313306302985625,0,0.0,0,0.0,0,0.0,0,0.0
5439,15,8714,True,True,317,0.036378241909570806,545,0.06254303419784256,7852,0.9010787238925867,0,0.0,0,0.0,0,0.0,0,0.0,980,0.11246270369520311,781,0.08962588937342209,6953,0.7979114069313747,0,0.0,0,0.0,0,0.0,0,0.0
5614,16,13077,True,True,1802,0.13779918941653285,404,0.030893935918024012,10871,0.8313068746654432,0,0.0,0,0.0,0,0.0,0,0.0,1403,0.10728760419056359,212,0.016211669343121512,11462,0.8765007264663149,0,0.0,0,0.0,0,0.0,0,0.0
5662,16,11473,True,True,1182,0.10302449228623725,368,0.03207530724309248,9923,0.8649002004706703,0,0.0,0,0.0,0,0.0,0,0.0,347,0.030244922862372528,338,0.029460472413492547,10788,0.940294604724135,0,0.0,0,0.0,0,0.0,0,0.0
5675,16,19211,True,True,3525,0.18348862630784446,2339,0.12175316225079381,13347,0.6947582114413617,0,0.0,0,0.0,0,0.0,0,0.0,3048,0.15865910155639998,876,0.0455988756441622,15287,0.7957420227994378,0,0.0,0,0.0,0,0.0,0,0.0
5690,17,17972,True,True,3758,0.2091030491876252,1148,0.06387714222123303,13066,0.7270198085911418,0,0.0,0,0.0,0,0.0,0,0.0,3459,0.19246605831293123,1495,0.08318495437346984,13018,0.724348987313599,0,0.0,0,0.0,0,0.0,0,0.0
5793,17,19010,True,True,3458,0.18190426091530773,1290,0.067859021567596,14262,0.7502367175170963,0,0.0,0,0.0,0,0.0,0,0.0,4598,0.2418726985796949,1321,0.06948974224092583,13091,0.6886375591793793,0,0.0,0,0.0,0,0.0,0,0.0
5974,18,8271,True,True,651,0.07870874138556402,611,0.07387256679966146,7009,0.8474186918147745,0,0.0,0,0.0,0,0.0,0,0.0,1240,0.14992141216297908,343,0.041470197074114375,6688,0.8086083907629066,0,0.0,0,0.0,0,0.0,0,0.0
6002,18,8159,True,True,2289,0.28054908689790414,684,0.08383380316215222,5186,0.6356171099399436,0,0.0,0,0.0,0,0.0,0,0.0,1746,0.21399681333496753,156,0.019119990194876823,6257,0.7668831964701557,0,0.0,0,0.0,0,0.0,0,0.0
6046,18,5605,True,True,1393,0.24852809991079394,1923,0.3430865298840321,2194,0.39143621766280107,95,0.01694915254237288,95,0.01694915254237288,0,0.0,0,0.0,143,0.025512934879571812,298,0.053166815343443356,5164,0.9213202497769848,0,0.0,0,0.0,0,0.0,0,0.0
6254,19,11918,True,True,695,0.05831515354925323,558,0.04681993623091123,10665,0.8948649102198355,0,0.0,0,0.0,0,0.0,0,0.0,986,0.0827320020137607,347,0.029115623426749455,10585,0.8881523745594898,0,0.0,0,0.0,0,0.0,0,0.0
6260,19,13500,True,True,3468,0.2568888888888889,1003,0.07429629629629629,9029,0.6688148148148149,0,0.0,0,0.0,0,0.0,0,0.0,424,0.031407407407407405,41,0.003037037037037037,13035,0.9655555555555555,0,0.0,0,0.0,0,0.0,0,0.0
6316,19,11194,True,True,705,0.06298016794711453,217,0.019385385027693408,10272,0.917634447025192,0,0.0,0,0.0,0,0.0,0,0.0,1488,0.13292835447561194,888,0.07932821154189744,8818,0.7877434339824906,0,0.0,0,0.0,0,0.0,0,0.0
6419,20,19528,True,True,1211,0.06201351904956985,1386,0.07097501024170422,16931,0.867011470708726,0,0.0,0,0.0,0,0.0,0,0.0,1451,0.07430356411306842,1384,0.0708725931995084,16693,0.8548238426874232,0,0.0,0,0.0,0,0.0,0,0.0
6432,20,16775,True,True,5062,0.3017585692995529,2212,0.1318628912071535,9501,0.5663785394932936,0,0.0,0,0.0,0,0.0,0,0.0,565,0.03368107302533532,481,0.028673621460506706,15729,0.9376453055141579,0,0.0,0,0.0,0,0.0,0,0.0
6440,20,15820,True,True,3731,0.23584070796460177,2328,0.14715549936788874,9761,0.6170037926675095,0,0.0,0,0.0,0,0.0,0,0.0,1541,0.09740834386852086,1635,0.10335018963337547,12644,0.7992414664981037,0,0.0,0,0.0,0,0.0,0,0.0
6713,21,14745,True,False,670,0.04543913190912174,1831,0.12417768735164463,11734,0.7957951848084096,510,0.03458799593082401,510,0.03458799593082401,0,0.0,0,0.0,1319,0.0894540522210919,792,0.053713123092573756,12634,0.8568328246863344,0,0.0,0,0.0,0,0.0,0,0.0
6763,21,7627,False,False,477,0.06254097285957781,424,0.05559197587518028,6726,0.8818670512652419,0,0.0,0,0.0,0,0.0,0,0.0,744,0.09754818408286352,218,0.0285826668414842,6665,0.8738691490756523,0,0.0,0,0.0,0,0.0,0,0.0
6776,21,8278,True,True,951,0.11488282193766611,110,0.013288233872916163,7217,0.8718289441894177,0,0.0,0,0.0,0,0.0,0,0.0,1697,0.20500120802126118,415,0.05013288233872916,6166,0.7448659096400096,0,0.0,0,0.0,0,0.0,0,0.0
7043,22,10687,True,True,449,0.042013661457845984,958,0.0896416206606157,9280,0.8683447178815383,0,0.0,0,0.0,0,0.0,0,0.0,1231,0.11518667540001871,1494,0.1397960138486011,7962,0.7450173107513802,0,0.0,0,0.0,0,0.0,0,0.0
7164,22,8463,False,False,3603,0.42573555476781283,132,0.015597305919886565,4728,0.5586671393123006,0,0.0,0,0.0,0,0.0,0,0.0,159,0.018787663948954272,65,0.007680491551459293,8239,0.9735318444995864,0,0.0,0,0.0,0,0.0,0,0.0
7175,22,10271,True,True,1259,0.12257813260636745,332,0.03232401908285464,8680,0.8450978483107779,0,0.0,0,0.0,0,0.0,0,0.0,585,0.05695647940804206,378,0.036802648232888716,9308,0.9062408723590692,0,0.0,0,0.0,0,0.0,0,0.0
7267,23,11586,False,True,3365,0.2904367339892974,890,0.07681684791990333,7325,0.632228551700328,6,0.0005178663904712584,0,0.0,6,0.0005178663904712584,0,0.0,3507,0.30269290523045056,459,0.03961677887105127,7620,0.6576903158984981,0,0.0,0,0.0,0,0.0,0,0.0
7289,23,14278,False,True,1880,0.13167110239529345,492,0.03445860764812999,11537,0.8080263342204791,369,0.025843955736097494,0,0.0,369,0.025843955736097494,0,0.0,4319,0.3024933464070598,189,0.013237148059952374,8183,0.5731194845216416,1587,0.11115002101134612,1587,0.11115002101134612,0,0.0,0,0.0
7340,23,16159,True,False,2312,0.1430781607772758,915,0.056624791138065476,12925,0.7998638529611981,7,0.0004331951234606102,7,0.0004331951234606102,0,0.0,0,0.0,1754,0.10854632093570146,2418,0.14963797264682221,11987,0.7418157064174763,0,0.0,0,0.0,0,0.0,0,0.0
7419,24,16878,False,False,809,0.04793221945728167,750,0.04443654461429079,15319,0.9076312359284275,0,0.0,0,0.0,0,0.0,0,0.0,1756,0.10404076312359284,2124,0.12584429434767153,12988,0.7695224552672117,10,0.0005924872615238773,0,0.0,10,0.0005924872615238773,0,0.0
7504,24,9159,False,False,300,0.03275466754012447,307,0.033518943116060705,8552,0.9337263893438148,0,0.0,0,0.0,0,0.0,0,0.0,798,0.08712741565673109,143,0.015613058194125996,8218,0.897259526149143,0,0.0,0,0.0,0,0.0,0,0.0
7886,25,15079,True,True,1436,0.09523177929570927,200,0.013263479010544466,13443,0.8915047416937463,0,0.0,0,0.0,0,0.0,0,0.0,1381,0.09158432256780953,308,0.020425757676238478,13390,0.887989919755952,0,0.0,0,0.0,0,0.0,0,0.0
7941,25,15101,True,True,4083,0.27037944506986294,1026,0.06794252036288988,9992,0.6616780345672472,0,0.0,0,0.0,0,0.0,0,0.0,2698,0.17866366465796968,3184,0.2108469637772333,9219,0.610489371564797,0,0.0,0,0.0,0,0.0,0,0.0
8061,26,11004,False,False,1441,0.13095238095238096,166,0.015085423482370047,9397,0.853962195565249,0,0.0,0,0.0,0,0.0,0,0.0,1326,0.12050163576881134,836,0.07597237368229735,8841,0.8034351145038168,1,9.087604507451835e-05,0,0.0,1,9.087604507451835e-05,0,0.0
8134,26,9302,False,True,650,0.06987744571059987,355,0.0381638357342507,8297,0.8919587185551494,0,0.0,0,0.0,0,0.0,0,0.0,753,0.08095033326166416,1402,0.15072027520963233,4249,0.45678348742205976,2898,0.31154590410664373,2898,0.31154590410664373,0,0.0,0,0.0
8189,26,8469,True,True,478,0.05644113826898099,173,0.020427441256346678,7818,0.9231314204746723,0,0.0,0,0.0,0,0.0,0,0.0,692,0.08170976502538671,49,0.005785807061046169,7728,0.9125044279135671,0,0.0,0,0.0,0,0.0,0,0.0
8247,27,9885,True,True,1188,0.12018209408194233,340,0.0343955488113303,8357,0.8454223571067274,0,0.0,0,0.0,0,0.0,0,0.0,1242,0.12564491654021245,428,0.04329792615073343,8215,0.8310571573090542,0,0.0,0,0.0,0,0.0,0,0.0
8525,27,11364,True,False,1683,0.14809926082365366,110,0.009679690249912002,9571,0.8422210489264343,0,0.0,0,0.0,0,0.0,0,0.0,2047,0.18013023583245336,190,0.01671946497712073,9127,0.8031502991904259,0,0.0,0,0.0,0,0.0,0,0.0
8547,27,16949,True,True,2962,0.17475957283615554,1434,0.08460676146085315,12553,0.7406336657029913,0,0.0,0,0.0,0,0.0,0,0.0,3180,0.18762168859519734,260,0.01534013806124255,13509,0.7970381733435601,0,0.0,0,0.0,0,0.0,0,0.0
8575,28,12142,True,True,1113,0.0916652940207544,569,0.04686213144457256,10460,0.8614725745346731,0,0.0,0,0.0,0,0.0,0,0.0,221,0.018201284796573874,631,0.05196837423818152,11290,0.9298303409652446,0,0.0,0,0.0,0,0.0,0,0.0
8606,28,9381,True,True,472,0.050314465408805034,228,0.024304445155100735,8681,0.9253810894360942,0,0.0,0,0.0,0,0.0,0,0.0,3258,0.34729772945314996,323,0.034431297303059376,5800,0.6182709732437907,0,0.0,0,0.0,0,0.0,0,0.0
8681,28,17073,True,True,3586,0.21003924324957535,484,0.0283488549171206,13003,0.7616119018333041,0,0.0,0,0.0,0,0.0,0,0.0,5205,0.3048673343876296,1640,0.09605810343817724,10228,0.5990745621741932,0,0.0,0,0.0,0,0.0,0,0.0
8835,29,16295,True,True,3167,0.19435409634857317,749,0.045965019944768336,12379,0.7596808837066585,0,0.0,0,0.0,0,0.0,0,0.0,1436,0.0881251917766186,1282,0.07867444001227371,13577,0.8332003682111077,0,0.0,0,0.0,0,0.0,0,0.0
8836,29,10956,False,False,684,0.0624315443592552,360,0.03285870755750274,9912,0.904709748083242,0,0.0,0,0.0,0,0.0,0,0.0,1505,0.1373676524278934,240,0.02190580503833516,9211,0.8407265425337714,0,0.0,0,0.0,0,0.0,0,0.0
8888,29,11492,False,False,1195,0.1039853811347024,826,0.07187608771319179,9471,0.8241385311521058,0,0.0,0,0.0,0,0.0,0,0.0,680,0.05917159763313609,111,0.00965889314305604,10701,0.9311695092238078,0,0.0,0,0.0,0,0.0,0,0.0
8998,30,12615,False,False,1585,0.1256440745144669,2273,0.18018232263178754,8757,0.6941736028537455,0,0.0,0,0.0,0,0.0,0,0.0,2299,0.18224336107808164,2254,0.17867617915180342,8062,0.639080459770115,0,0.0,0,0.0,0,0.0,0,0.0
9033,30,13737,True,True,815,0.059328819975249324,613,0.04462400815316299,12309,0.8960471718715877,0,0.0,0,0.0,0,0.0,0,0.0,317,0.02307636310693747,1513,0.11014049646938924,11907,0.8667831404236733,0,0.0,0,0.0,0,0.0,0,0.0
9078,30,12408,True,True,1433,0.11549000644745326,822,0.06624758220502901,10153,0.8182624113475178,0,0.0,0,0.0,0,0.0,0,0.0,3719,0.29972598323662153,1012,0.08156028368794327,7677,0.6187137330754352,0,0.0,0,0.0,0,0.0,0,0.0
9184,31,14552,False,True,535,0.03676470588235294,342,0.023501924134139637,13674,0.9396646509070918,1,6.871907641561298e-05,0,0.0,1,6.871907641561298e-05,0,0.0,910,0.06253435953820781,739,0.05078339747113799,12903,0.8866822429906542,0,0.0,0,0.0,0,0.0,0,0.0
9282,31,15152,True,True,2348,0.15496304118268214,936,0.0617740232312566,11868,0.7832629355860612,0,0.0,0,0.0,0,0.0,0,0.0,2468,0.16288278775079199,359,0.02369324181626188,12325,0.8134239704329461,0,0.0,0,0.0,0,0.0,0,0.0
9325,32,8807,False,False,2083,0.236516407403202,246,0.02793232655841944,6478,0.7355512660383786,0,0.0,0,0.0,0,0.0,0,0.0,1038,0.11786079255137959,316,0.03588054956284773,7451,0.8460315657999319,2,0.00022709208584080845,0,0.0,2,0.00022709208584080845,0,0.0
9389,32,17450,True,True,2024,0.11598853868194843,1822,0.10441260744985674,13604,0.7795988538681948,0,0.0,0,0.0,0,0.0,0,0.0,1254,0.07186246418338109,847,0.04853868194842407,15349,0.8795988538681948,0,0.0,0,0.0,0,0.0,0,0.0
9407,32,14936,True,True,2204,0.14756293519014463,475,0.031802356722013925,12257,0.8206347080878414,0,0.0,0,0.0,0,0.0,0,0.0,529,0.03541778253883235,1890,0.1265399035886449,12517,0.8380423138725228,0,0.0,0,0.0,0,0.0,0,0.0
9497,33,12537,True,True,2684,0.21408630453856584,1257,0.10026322086623594,8596,0.6856504745951982,0,0.0,0,0.0,0,0.0,0,0.0,1214,0.09683337321528276,863,0.0688362447156417,10460,0.8343303820690755,0,0.0,0,0.0,0,0.0,0,0.0
9549,33,13494,True,True,4130,0.3060619534607974,2614,0.19371572550763302,6750,0.5002223210315696,0,0.0,0,0.0,0,0.0,0,0.0,3551,0.2631539943678672,83,0.006150881873425226,9860,0.7306951237587076,0,0.0,0,0.0,0,0.0,0,0.0
9588,33,11171,True,False,1239,0.11091218333184137,115,0.010294512577208844,9817,0.8787933040909498,0,0.0,0,0.0,0,0.0,0,0.0,1917,0.17160504878703786,537,0.04807089786053173,8717,0.7803240533524304,0,0.0,0,0.0,0,0.0,0,0.0
9735,34,14074,True,True,1733,0.12313485860451898,281,0.019965894557339776,12060,0.8568992468381412,0,0.0,0,0.0,0,0.0,0,0.0,1310,0.0930794372601961,112,0.007957936620719057,12652,0.8989626261190848,0,0.0,0,0.0,0,0.0,0,0.0
9763,34,18453,True,True,1481,0.08025795263642768,2096,0.11358586679672682,14876,0.8061561805668455,0,0.0,0,0.0,0,0.0,0,0.0,1967,0.1065951335826153,1507,0.08166693762531838,14979,0.8117379287920663,0,0.0,0,0.0,0,0.0,0,0.0
9829,34,16510,True,True,615,0.03725015142337977,555,0.03361599030890369,15340,0.9291338582677166,0,0.0,0,0.0,0,0.0,0,0.0,2384,0.14439733494851606,716,0.043367655966081164,13410,0.8122350090854028,0,0.0,0,0.0,0,0.0,0,0.0
