seed,source_index,label,clean_prediction,clean_correct,clean_top2_margin,complete,candidates,candidates_done,T0,T1,T2,T3,t3_rate,adverse,corrective,lateral
341969035,7043,22,22,True,4.2445409297943115,True,10687,10687,449,958,9280,0,0.0,0,0,0
341969035,4284,12,10,False,2.7360016107559204,True,10124,10124,649,308,9167,0,0.0,0,0,0
341969035,9407,32,32,True,5.541220843791962,True,14936,14936,2204,475,12257,0,0.0,0,0,0
341969035,5264,14,14,True,0.39948129653930664,True,8159,8159,124,89,7946,0,0.0,0,0,0
341969035,7289,23,7,False,0.251509428024292,True,14278,14278,1880,492,11537,369,0.025843955736097494,0,369,0
341969035,7340,23,23,True,0.5446534156799316,True,16159,16159,2312,915,12925,7,0.0004331951234606102,7,0,0
341969035,314,0,0,True,5.586910963058472,True,13387,13387,1968,1880,9539,0,0.0,0,0,0
341969035,8998,30,3,False,1.2822604775428772,True,12615,12615,1585,2273,8757,0,0.0,0,0,0
341969035,3424,9,9,True,7.155213549733162,True,17684,17684,1339,1844,14501,0,0.0,0,0,0
341969035,1755,4,4,True,2.236347794532776,True,11394,11394,794,620,9980,0,0.0,0,0,0
341969035,1627,4,4,True,0.7222573757171631,True,12872,12872,901,547,11412,12,0.0009322560596643878,12,0,0
341969035,1986,5,5,True,3.0599937438964844,True,13498,13498,2243,1800,9455,0,0.0,0,0,0
341969035,4959,14,14,True,3.6909782886505127,True,13588,13588,541,590,12457,0,0.0,0,0,0
341969035,8189,26,26,True,2.4850480556488037,True,8469,8469,478,173,7818,0,0.0,0,0,0
341969035,6316,19,19,True,2.924948215484619,True,11194,11194,705,217,10272,0,0.0,0,0,0
341969035,8134,26,27,False,1.8421378135681152,True,9302,9302,650,355,8297,0,0.0,0,0,0
341969035,7419,24,5,False,1.71125066280365,True,16878,16878,809,750,15319,0,0.0,0,0,0
341969035,813,2,29,False,1.382045418024063,True,17372,17372,2562,1655,13155,0,0.0,0,0,0
341969035,2554,7,7,True,8.817513022571802,True,18045,18045,3170,1533,13342,0,0.0,0,0,0
341969035,914,2,8,False,1.4805906414985657,True,10648,10648,699,163,9786,0,0.0,0,0,0
341969035,4499,12,4,False,2.3535953760147095,True,13276,13276,1470,398,11408,0,0.0,0,0,0
341969035,5675,16,16,True,4.311654090881348,True,19211,19211,3525,2339,13347,0,0.0,0,0,0
341969035,7886,25,25,True,4.014573812484741,True,15079,15079,1436,200,13443,0,0.0,0,0,0
341969035,9588,33,33,True,0.5172336101531982,True,11171,11171,1239,115,9817,0,0.0,0,0,0
341969035,5356,15,15,True,1.2032634615898132,True,13565,13565,2994,312,10259,0,0.0,0,0,0
341969035,8247,27,27,True,4.753734707832336,True,9885,9885,1188,340,8357,0,0.0,0,0,0
341969035,6763,21,10,False,1.0655498504638672,True,7627,7627,477,424,6726,0,0.0,0,0,0
341969035,9763,34,34,True,0.6803152561187744,True,18453,18453,1481,2096,14876,0,0.0,0,0,0
341969035,3277,8,8,True,5.770478278398514,True,12277,12277,1444,222,10611,0,0.0,0,0,0
341969035,5614,16,16,True,4.974616259336472,True,13077,13077,1802,404,10871,0,0.0,0,0,0
341969035,6776,21,21,True,3.1978214979171753,True,8278,8278,951,110,7217,0,0.0,0,0,0
341969035,8681,28,28,True,2.713111639022827,True,17073,17073,3586,484,13003,0,0.0,0,0,0
341969035,6440,20,20,True,8.827114062383771,True,15820,15820,3731,2328,9761,0,0.0,0,0,0
341969035,9325,32,26,False,0.6221959590911865,True,8807,8807,2083,246,6478,0,0.0,0,0,0
341969035,2304,6,6,True,4.067876815795898,True,8105,8105,1665,160,6280,0,0.0,0,0,0
341969035,4737,13,25,False,0.6653156280517578,True,12163,12163,1325,473,10365,0,0.0,0,0,0
341969035,5974,18,18,True,2.5939366817474365,True,8271,8271,651,611,7009,0,0.0,0,0,0
341969035,8835,29,29,True,1.1841957569122314,True,16295,16295,3167,749,12379,0,0.0,0,0,0
341969035,18,0,0,True,0.27307605743408203,True,13138,13138,2545,1170,9282,141,0.010732227127416654,141,0,0
341969035,3083,8,8,True,3.0405876636505127,True,6696,6696,1201,1049,4446,0,0.0,0,0,0
341969035,90,0,0,True,7.664361774921417,True,11912,11912,2757,1114,8041,0,0.0,0,0,0
341969035,2140,5,5,True,0.398972749710083,True,14049,14049,4057,830,9162,0,0.0,0,0,0
341969035,9497,33,33,True,5.010116428136826,True,12537,12537,2684,1257,8596,0,0.0,0,0,0
341969035,2501,6,28,False,0.5733514092862606,True,6433,6433,1869,345,4219,0,0.0,0,0,0
341969035,3505,9,9,True,0.9296364784240723,True,11342,11342,664,1361,9317,0,0.0,0,0,0
341969035,4757,13,2,False,0.030015259981155396,True,9093,9093,300,218,6177,2398,0.26371934455075335,0,0,2398
341969035,5337,15,15,True,4.539859294891357,True,11455,11455,2301,638,8516,0,0.0,0,0,0
341969035,1252,3,3,True,3.451704263687134,True,19030,19030,1125,3205,14700,0,0.0,0,0,0
341969035,9829,34,34,True,2.6627550423145294,True,16510,16510,615,555,15340,0,0.0,0,0,0
341969035,6002,18,18,True,3.889827251434326,True,8159,8159,2289,684,5186,0,0.0,0,0,0
341969035,1534,4,26,False,0.5679973363876343,True,22632,22632,847,1060,20725,0,0.0,0,0,0
341969035,8525,27,27,True,1.0042569637298584,True,11364,11364,1683,110,9571,0,0.0,0,0,0
341969035,3223,8,8,True,1.1227725744247437,True,9593,9593,2557,133,6903,0,0.0,0,0,0
341969035,3403,9,25,False,3.3200037479400635,True,11006,11006,1863,1224,7919,0,0.0,0,0,0
341969035,5439,15,15,True,4.89662766456604,True,8714,8714,317,545,7852,0,0.0,0,0,0
341969035,1199,3,34,False,0.49540066719055176,True,10550,10550,2253,25,8272,0,0.0,0,0,0
341969035,6432,20,20,True,4.541728258132935,True,16775,16775,5062,2212,9501,0,0.0,0,0,0
341969035,4095,11,4,False,0.6862614154815674,True,16403,16403,2675,3966,9762,0,0.0,0,0,0
341969035,2444,6,6,True,0.7556790858507156,True,9691,9691,216,124,9351,0,0.0,0,0,0
341969035,7175,22,22,True,1.6029082536697388,True,10271,10271,1259,332,8680,0,0.0,0,0,0
341969035,597,1,1,True,0.42648935317993164,True,10292,10292,1201,162,8904,25,0.0024290711232024874,25,0,0
341969035,495,1,1,True,1.0852241516113281,True,23728,23728,971,5522,17235,0,0.0,0,0,0
341969035,7164,22,25,False,1.6039385795593262,True,8463,8463,3603,132,4728,0,0.0,0,0,0
341969035,522,1,14,False,0.6508190631866455,True,16356,16356,3310,2424,10622,0,0.0,0,0,0
341969035,9549,33,33,True,6.881714701652527,True,13494,13494,4130,2614,6750,0,0.0,0,0,0
341969035,8888,29,19,False,1.631127130240202,True,11492,11492,1195,826,9471,0,0.0,0,0,0
341969035,4983,14,14,True,1.468886137008667,True,19150,19150,1053,1942,16155,0,0.0,0,0,0
341969035,4655,13,13,True,1.4000658988952637,True,15265,15265,2936,1406,10923,0,0.0,0,0,0
341969035,9282,31,31,True,2.2482370138168335,True,15152,15152,2348,936,11868,0,0.0,0,0,0
341969035,3657,10,10,True,3.1723839938640594,True,13004,13004,2113,471,10420,0,0.0,0,0,0
341969035,5662,16,16,True,0.5138881206512451,True,11473,11473,1182,368,9923,0,0.0,0,0,0
341969035,3770,10,10,True,3.612804889678955,True,10077,10077,740,582,8755,0,0.0,0,0,0
341969035,5793,17,17,True,2.218416213989258,True,19010,19010,3458,1290,14262,0,0.0,0,0,0
341969035,9389,32,32,True,4.293948709964752,True,17450,17450,2024,1822,13604,0,0.0,0,0,0
341969035,7504,24,22,False,1.389127492904663,True,9159,9159,300,307,8552,0,0.0,0,0,0
341969035,6419,20,20,True,7.394236207008362,True,19528,19528,1211,1386,16931,0,0.0,0,0,0
341969035,7267,23,7,False,0.3862771987915039,True,11586,11586,3365,890,7325,6,0.0005178663904712584,0,6,0
341969035,9033,30,30,True,4.057816505432129,True,13737,13737,815,613,12309,0,0.0,0,0,0
341969035,5690,17,17,True,3.198824882507324,True,17972,17972,3758,1148,13066,0,0.0,0,0,0
341969035,8836,29,5,False,3.6473187059164047,True,10956,10956,684,360,9912,0,0.0,0,0,0
341969035,901,2,2,True,2.1575405597686768,True,12381,12381,741,568,11072,0,0.0,0,0,0
341969035,1386,3,3,True,2.2364563941955566,True,12877,12877,1790,2147,8940,0,0.0,0,0,0
341969035,4422,12,12,True,4.444183588027954,True,12193,12193,2979,2737,6477,0,0.0,0,0,0
341969035,2091,5,5,True,2.179069995880127,True,11514,11514,1289,1214,9011,0,0.0,0,0,0
341969035,9735,34,34,True,3.3583576679229736,True,14074,14074,1733,281,12060,0,0.0,0,0,0
341969035,8547,27,27,True,3.554002285003662,True,16949,16949,2962,1434,12553,0,0.0,0,0,0
341969035,4050,11,4,False,1.587268590927124,True,13310,13310,788,795,11727,0,0.0,0,0,0
341969035,7941,25,25,True,1.3318591117858887,True,15101,15101,4083,1026,9992,0,0.0,0,0,0
341969035,3658,10,10,True,1.4200630187988281,True,13269,13269,698,571,12000,0,0.0,0,0,0
341969035,2588,7,4,False,1.6232666373252869,True,11642,11642,2183,761,8698,0,0.0,0,0,0
341969035,6260,19,19,True,7.226789861917496,True,13500,13500,3468,1003,9029,0,0.0,0,0,0
341969035,6713,21,21,True,0.04266929626464844,True,14745,14745,670,1831,11734,510,0.03458799593082401,510,0,0
341969035,8061,26,14,False,0.9864003658294678,True,11004,11004,1441,166,9397,0,0.0,0,0,0
341969035,9184,31,9,False,0.5149829387664795,True,14552,14552,535,342,13674,1,6.871907641561298e-05,0,1,0
341969035,2601,7,7,True,4.121721982955933,True,14721,14721,1919,1311,11491,0,0.0,0,0,0
341969035,8606,28,28,True,3.266839027404785,True,9381,9381,472,228,8681,0,0.0,0,0,0
341969035,9078,30,30,True,1.0282870531082153,True,12408,12408,1433,822,10153,0,0.0,0,0,0
341969035,6254,19,19,True,1.2924818992614746,True,11918,11918,695,558,10665,0,0.0,0,0,0
341969035,8575,28,28,True,7.553737044334412,True,12142,12142,1113,569,10460,0,0.0,0,0,0
341969035,6046,18,18,True,0.22634828090667725,True,5605,5605,1393,1923,2194,95,0.01694915254237288,95,0,0
554720563,7043,22,22,True,7.990662574768066,True,10687,10687,1231,1494,7962,0,0.0,0,0,0
554720563,4284,12,10,False,1.6675739288330078,True,10124,10124,1820,110,8194,0,0.0,0,0,0
554720563,9407,32,32,True,5.507137298583984,True,14936,14936,529,1890,12517,0,0.0,0,0,0
554720563,5264,14,14,True,0.7523686438798904,True,8159,8159,383,752,7024,0,0.0,0,0,0
554720563,7289,23,23,True,0.029025793075561523,True,14278,14278,4319,189,8183,1587,0.11115002101134612,1587,0,0
554720563,7340,23,7,False,1.3591856956481934,True,16159,16159,1754,2418,11987,0,0.0,0,0,0
554720563,314,0,0,True,8.21056842803955,True,13387,13387,894,217,12276,0,0.0,0,0,0
554720563,8998,30,3,False,1.849280834197998,True,12615,12615,2299,2254,8062,0,0.0,0,0,0
554720563,3424,9,9,True,6.219270266592503,True,17684,17684,1643,4098,11943,0,0.0,0,0,0
554720563,1755,4,4,True,5.022282600402832,True,11394,11394,3000,322,8072,0,0.0,0,0,0
554720563,1627,4,4,True,0.7427403926849365,True,12872,12872,1719,662,10491,0,0.0,0,0,0
554720563,1986,5,5,True,2.095974922180176,True,13498,13498,3796,957,8745,0,0.0,0,0,0
554720563,4959,14,14,True,1.36405348777771,True,13588,13588,3303,1033,9252,0,0.0,0,0,0
554720563,8189,26,26,True,4.991437718272209,True,8469,8469,692,49,7728,0,0.0,0,0,0
554720563,6316,19,19,True,3.865836024284363,True,11194,11194,1488,888,8818,0,0.0,0,0,0
554720563,8134,26,26,True,0.14461123943328857,True,9302,9302,753,1402,4249,2898,0.31154590410664373,2898,0,0
554720563,7419,24,5,False,0.4766661524772644,True,16878,16878,1756,2124,12988,10,0.0005924872615238773,0,10,0
554720563,813,2,3,False,0.11406850814819336,True,17372,17372,2764,1002,11507,2099,0.12082661754547548,0,0,2099
554720563,2554,7,7,True,6.888645887374878,True,18045,18045,4440,2641,10964,0,0.0,0,0,0
554720563,914,2,2,True,0.05220794677734375,True,10648,10648,280,378,4960,5030,0.472389181066867,5030,0,0
554720563,4499,12,12,True,0.09751439094543457,True,13276,13276,1006,139,5886,6245,0.4703977101536607,6245,0,0
554720563,5675,16,16,True,5.088040113449097,True,19211,19211,3048,876,15287,0,0.0,0,0,0
554720563,7886,25,25,True,3.8604536056518555,True,15079,15079,1381,308,13390,0,0.0,0,0,0
554720563,9588,33,21,False,1.418591022491455,True,11171,11171,1917,537,8717,0,0.0,0,0,0
554720563,5356,15,15,True,1.9388679563999176,True,13565,13565,1602,686,11277,0,0.0,0,0,0
554720563,8247,27,27,True,3.1447196006774902,True,9885,9885,1242,428,8215,0,0.0,0,0,0
554720563,6763,21,10,False,2.334709882736206,True,7627,7627,744,218,6665,0,0.0,0,0,0
554720563,9763,34,34,True,0.554458498954773,True,18453,18453,1967,1507,14979,0,0.0,0,0,0
554720563,3277,8,8,True,3.9419164657592773,True,12277,12277,4538,720,7019,0,0.0,0,0,0
554720563,5614,16,16,True,7.412702426314354,True,13077,13077,1403,212,11462,0,0.0,0,0,0
554720563,6776,21,21,True,2.198329269886017,True,8278,8278,1697,415,6166,0,0.0,0,0,0
554720563,8681,28,28,True,2.0916666984558105,True,17073,17073,5205,1640,10228,0,0.0,0,0,0
554720563,6440,20,20,True,8.172775268554688,True,15820,15820,1541,1635,12644,0,0.0,0,0,0
554720563,9325,32,26,False,0.5949298143386841,True,8807,8807,1038,316,7451,2,0.00022709208584080845,0,2,0
554720563,2304,6,6,True,6.1480918526649475,True,8105,8105,1496,1312,5297,0,0.0,0,0,0
554720563,4737,13,25,False,1.6027277112007141,True,12163,12163,842,174,11147,0,0.0,0,0,0
554720563,5974,18,18,True,3.619742691516876,True,8271,8271,1240,343,6688,0,0.0,0,0,0
554720563,8835,29,29,True,2.3787789344787598,True,16295,16295,1436,1282,13577,0,0.0,0,0,0
554720563,18,0,0,True,3.7721221446990967,True,13138,13138,685,1249,11204,0,0.0,0,0,0
554720563,3083,8,8,True,3.8256088495254517,True,6696,6696,677,19,6000,0,0.0,0,0,0
554720563,90,0,0,True,6.087585926055908,True,11912,11912,3965,1730,6217,0,0.0,0,0,0
554720563,2140,5,7,False,0.21578359603881836,True,14049,14049,1854,305,11610,280,0.019930244145490782,0,12,268
554720563,9497,33,33,True,7.162379622459412,True,12537,12537,1214,863,10460,0,0.0,0,0,0
554720563,2501,6,7,False,0.661665465682745,True,6433,6433,1784,120,4529,0,0.0,0,0,0
554720563,3505,9,9,True,0.8858376741409302,True,11342,11342,976,1197,9169,0,0.0,0,0,0
554720563,4757,13,14,False,0.6970374137163162,True,9093,9093,163,126,8804,0,0.0,0,0,0
554720563,5337,15,15,True,6.721425473690033,True,11455,11455,1017,615,9823,0,0.0,0,0,0
554720563,1252,3,3,True,2.1901636123657227,True,19030,19030,851,1727,16452,0,0.0,0,0,0
554720563,9829,34,34,True,1.0726328492164612,True,16510,16510,2384,716,13410,0,0.0,0,0,0
554720563,6002,18,18,True,4.410538911819458,True,8159,8159,1746,156,6257,0,0.0,0,0,0
554720563,1534,4,4,True,1.0457046627998352,True,22632,22632,462,1909,20261,0,0.0,0,0,0
554720563,8525,27,26,False,0.9213383197784424,True,11364,11364,2047,190,9127,0,0.0,0,0,0
554720563,3223,8,8,True,2.165938835591078,True,9593,9593,2282,151,7160,0,0.0,0,0,0
554720563,3403,9,0,False,0.3937368392944336,True,11006,11006,2541,511,7954,0,0.0,0,0,0
554720563,5439,15,15,True,4.285045742988586,True,8714,8714,980,781,6953,0,0.0,0,0,0
554720563,1199,3,19,False,0.349153995513916,True,10550,10550,3109,962,6078,401,0.038009478672985784,0,0,401
554720563,6432,20,20,True,4.511949300765991,True,16775,16775,565,481,15729,0,0.0,0,0,0
554720563,4095,11,4,False,1.9449419975280762,True,16403,16403,1589,313,14501,0,0.0,0,0,0
554720563,2444,6,6,True,1.8377809822559357,True,9691,9691,601,274,8816,0,0.0,0,0,0
554720563,7175,22,22,True,0.9435970783233643,True,10271,10271,585,378,9308,0,0.0,0,0,0
554720563,597,1,7,False,1.1789623498916626,True,10292,10292,1326,53,8913,0,0.0,0,0,0
554720563,495,1,1,True,2.2955684661865234,True,23728,23728,484,2483,20761,0,0.0,0,0,0
554720563,7164,22,13,False,1.7521395683288574,True,8463,8463,159,65,8239,0,0.0,0,0,0
554720563,522,1,1,True,1.4104455709457397,True,16356,16356,1647,883,13826,0,0.0,0,0,0
554720563,9549,33,33,True,5.535578012466431,True,13494,13494,3551,83,9860,0,0.0,0,0,0
554720563,8888,29,19,False,1.20927594602108,True,11492,11492,680,111,10701,0,0.0,0,0,0
554720563,4983,14,14,True,0.3309563398361206,True,19150,19150,925,445,17767,13,0.0006788511749347258,13,0,0
554720563,4655,13,13,True,3.328193187713623,True,15265,15265,3605,614,11046,0,0.0,0,0,0
554720563,9282,31,31,True,2.5690133571624756,True,15152,15152,2468,359,12325,0,0.0,0,0,0
554720563,3657,10,10,True,3.237873762845993,True,13004,13004,1176,147,11681,0,0.0,0,0,0
554720563,5662,16,16,True,2.0053171515464783,True,11473,11473,347,338,10788,0,0.0,0,0,0
554720563,3770,10,10,True,4.2117286920547485,True,10077,10077,634,342,9101,0,0.0,0,0,0
554720563,5793,17,17,True,1.4303522109985352,True,19010,19010,4598,1321,13091,0,0.0,0,0,0
554720563,9389,32,32,True,5.8589770793914795,True,17450,17450,1254,847,15349,0,0.0,0,0,0
554720563,7504,24,22,False,2.4918681383132935,True,9159,9159,798,143,8218,0,0.0,0,0,0
554720563,6419,20,20,True,7.1161909103393555,True,19528,19528,1451,1384,16693,0,0.0,0,0,0
554720563,7267,23,23,True,1.0006349086761475,True,11586,11586,3507,459,7620,0,0.0,0,0,0
554720563,9033,30,30,True,2.37538743019104,True,13737,13737,317,1513,11907,0,0.0,0,0,0
554720563,5690,17,17,True,3.109186887741089,True,17972,17972,3459,1495,13018,0,0.0,0,0,0
554720563,8836,29,5,False,2.5198148488998413,True,10956,10956,1505,240,9211,0,0.0,0,0,0
554720563,901,2,2,True,5.440918207168579,True,12381,12381,1739,309,10333,0,0.0,0,0,0
554720563,1386,3,3,True,1.034879207611084,True,12877,12877,1020,319,11538,0,0.0,0,0,0
554720563,4422,12,12,True,3.8814092874526978,True,12193,12193,1090,196,10907,0,0.0,0,0,0
554720563,2091,5,5,True,2.769118547439575,True,11514,11514,1261,566,9687,0,0.0,0,0,0
554720563,9735,34,34,True,1.9965999126434326,True,14074,14074,1310,112,12652,0,0.0,0,0,0
554720563,8547,27,27,True,2.0911245346069336,True,16949,16949,3180,260,13509,0,0.0,0,0,0
554720563,4050,11,4,False,1.5299360752105713,True,13310,13310,758,134,12418,0,0.0,0,0,0
554720563,7941,25,25,True,3.2076916694641113,True,15101,15101,2698,3184,9219,0,0.0,0,0,0
554720563,3658,10,10,True,1.1543326079845428,True,13269,13269,433,541,12295,0,0.0,0,0,0
554720563,2588,7,4,False,2.6576674580574036,True,11642,11642,882,212,10548,0,0.0,0,0,0
554720563,6260,19,19,True,4.791079103946686,True,13500,13500,424,41,13035,0,0.0,0,0,0
554720563,6713,21,18,False,0.8577900230884552,True,14745,14745,1319,792,12634,0,0.0,0,0,0
554720563,8061,26,29,False,0.2869386672973633,True,11004,11004,1326,836,8841,1,9.087604507451835e-05,0,1,0
554720563,9184,31,31,True,0.8186033964157104,True,14552,14552,910,739,12903,0,0.0,0,0,0
554720563,2601,7,7,True,6.505346775054932,True,14721,14721,3571,1175,9975,0,0.0,0,0,0
554720563,8606,28,28,True,3.7459206581115723,True,9381,9381,3258,323,5800,0,0.0,0,0,0
554720563,9078,30,30,True,1.362741231918335,True,12408,12408,3719,1012,7677,0,0.0,0,0,0
554720563,6254,19,19,True,1.0893471240997314,True,11918,11918,986,347,10585,0,0.0,0,0,0
554720563,8575,28,28,True,5.380594253540039,True,12142,12142,221,631,11290,0,0.0,0,0,0
554720563,6046,18,18,True,2.7149940133094788,True,5605,5605,143,298,5164,0,0.0,0,0,0
