audit_rank,source_index,label,horizon_steps,input_count,unique_candidates,input_array_sha256
0,7043,22,199,6469,6489,d21adceb5513ee0591f78d71dc7ee8d7dd30f2968b386a4209638c00f84eddde
1,4284,12,199,6284,5653,75e085aaca40102e9384426245773a570e5cd6967f2ecb370e9307eaa5e1d920
2,9407,32,199,9526,8061,a2103103618371ded24587a539e1f10cb5b6cde072828aefd8289301a9d45274
3,5264,14,148,4671,4793,a06b22250b1eb0def1ed0255d08e73321bcb35a421ea22c04cbe8e005e795c12
4,7289,23,199,9429,7984,58abb4cbcab41bb9ae80b0448cfda5cfececb91d58014455b070105596bb811d
5,7340,23,199,10263,8868,46c6b50fd21dfa74357a778e948636e89f9b93207c1c7cb87e9a355974f63cf8
6,314,0,200,8918,8553,e3336062242df2dec5e51531a59b0bc862e8d50a188e3ad74d48be9bfe9917b4
7,8998,30,200,8599,7104,84165e2d7f413787b7644ad8100f2ad005287f072b60773df415009bb94226f4
8,3424,9,200,11190,9967,b64b1047040bbeb6f52e352034dc16323dad3845c83180a55c47bf1703e56dba
9,1755,4,200,7808,7115,3f54a469f158807b1b866d9e5b7f72d9fc82e7d6b77a2c30ea2005c4934487dd
10,1627,4,199,8193,6941,dc7675a736894fa4bf7609b68da192423aa55af8a80e9f1a7575dab289a89ef9
11,1986,5,200,8765,8566,34552de52870cf629ef4cd3acc4069bed2525ec5da4b9d701f750dc12001d630
12,4959,14,200,8853,7958,12f8f142173b122ed971faa099423d7759bf5407ea31549c6f5cb1cf761186fb
13,8189,26,199,5121,6178,05a034af580c32129a7c302fb29b6965c79b64b2e30b79354f9287366b4ca07e
14,6316,19,199,7362,7188,8be2e8229cfcb721a6caf25fe28b1572654ba868f1a413dad75e34a97ca34401
15,8134,26,147,5966,5197,1437345aa4adf0caea0879cd0d811a7c5d6d42806a9361e7ef46539202dee5c3
16,7419,24,200,10609,8310,52ee97aaa9220a662db6078b2843df57011a7f1251f69539df3ae8658815cef7
17,813,2,199,10853,8267,51507f6a26635dfc832ab79bba29de2162cf39754184bb2288b8e0c84e77252e
18,2554,7,200,11224,8818,2ab35637342ec59f7b7f50825c9f2d56c5b02b3a7b6ee83f74b2053ba8b40e39
19,914,2,200,6967,5290,19511487baedaf96c640e81b83a6caae8573f02ecd77bc684cc053611352ae35
20,4499,12,200,8754,8058,37e915dc052e64c99fc888d3a93a6b705cb46a76ecebb011a6812222be94f766
21,5675,16,199,12347,11332,0bdf0ec43b15a23137c7d8458e242ac57c72e29f03b43a2a7dc4dc70e8054be7
22,7886,25,200,9366,8164,4e14695adfd93f69a5d0a7c35b40eaba55ee617c621fcb04a976748709f4cae6
23,9588,33,198,7584,5592,6e7b49122c5019e73973ed44785219c150d8de2e9a2b2b43c5d41fd9e8147ada
24,5356,15,199,8540,6059,9cbbc65e60f79119ed4bfd6f61060b239e97355ae0ad656cf3d62847bcb4b22d
25,8247,27,199,6264,6735,43ff703c44352491d1051a8fa38d4c26b8d3b378b750f7969a5942a515e16698
26,6763,21,198,5199,4263,37f83704dd3d6968034c70358b6257c90494a0516d8834beddaa54bafb93c729
27,9763,34,188,11118,10666,8d355f800ef80b6f8c8f99ea5e20debde32e15b9ae67b48a49655adb93ece236
28,3277,8,197,8101,6772,705629b2e9a0537750026845520bacc7e56d93379949598ec3669984a9866b3d
29,5614,16,200,8463,8311,d845cf1ba4ac4e99b2706d892f2b4f153a6361211ba7a3b55abb49ecc7f82e14
30,6776,21,198,5738,4476,dbf7e159273cc8dffdec6fda892f80bf0f624e591edf9676456a0c5e0e460915
31,8681,28,200,11223,9267,e7e8fe1448ad7df4b4947f9f0a3f62ef535e7b321911c9d5db0e4b8327a73e45
32,6440,20,199,10029,8781,b8f1b04483d5837213903854c53489686c451e2b6e19e19e8e47d711f31a72e2
33,9325,32,176,5736,5515,7e25a51f2fad1dc837917321d252401e4b50ba12ba6b486fc838000f6e1b06c2
34,2304,6,199,5558,4436,5f063bf79bcb81292944ffdae77670a2a45ee95841fec6920b8acdee06f0fc7e
35,4737,13,198,8092,5817,6957f5cd95724333d0923620a9c2230ee2871d6420723730748e02adf588f065
36,5974,18,199,5437,5032,076ae7346055a44830b2c5126010f52d34590d923152f17c6b2e2dbe47b01b13
37,8835,29,199,9819,8725,5df3c512bc6f6ca3e6e5bfe825a123074a447c8a7946ec7bcd9f1ca2c3b164f3
38,18,0,200,8531,8570,7cb233a084ebd28ec8a877dfa10b102b08937abeeed2f5a682806a46627f1edb
39,3083,8,153,4312,4450,d14501d076ada0a10fb038e710fd5d7efaf291e2d0449a27b3fcabed4b981bbc
40,90,0,198,7187,8166,253e69b2b95b179c8527fe170213180d3b67cd985eac1a0e7bc792b82ef8d5af
41,2140,5,199,9118,6785,835bc47303d0920b3f36c8f6d36b5f1ee91d212a73de7f36a693a8476f60e41d
42,9497,33,200,8138,6420,d027d6660bf00e9d7f790fdca45314579366308e8b73c98f8ff9f0c6dfba2672
43,2501,6,186,4439,4095,8cbaf6d65ec7e966183c19acc9b3ba8642bd59a76cbb0885c2840f0bc305a5fd
44,3505,9,200,6533,7743,63ef12641b15a283075d71ebac79ce68e010a481de4addcd5784ba65d78121db
45,4757,13,111,5503,5758,11485ec17d922efaec11d7579b4ffe2f51a47a44cbee43f6bb317e24e2ceeda9
46,5337,15,199,7884,6632,1940e309603552454b6033eed68cbab696bc32e05e7a54bfb2a58515dc325f5c
47,1252,3,200,11707,10864,e36590509aa100bc89bba8e52776cddffc1b4d42850726a4e0ae9864464e1e26
48,9829,34,200,10784,8505,95aa74d46f1be17760ed566006422452fb1928d6a65ead7fcdb261e1c82b6065
49,6002,18,199,5436,4202,87a29e1ae44d7dce915a3b5a4dfebcc07183050fc79cf88abb4e54cd9fad1494
50,1534,4,200,13591,11854,6cffccdedda196fb80f902f2ff2adc2fbef2ebaaa9985f27abca2aea68fc5f2a
51,8525,27,199,6845,6749,6a691608c2b95024255503e2d5943b48696a1b6ffe1036ece68787d1b51c8e7a
52,3223,8,200,6796,5395,b7cc8e4bfae16e3acbd53d66f090b68fefa8bc772838bf9c7428298cf526b5b1
53,3403,9,199,7070,7123,525eddc540d71fd8f4cdfc039f7c3abc4b82dbd1529b510c671849bae96f70ba
54,5439,15,199,5395,5975,2affe15f5ae9be577450389386bbeab6baa2801214d360f08ec389b0dcd66163
55,1199,3,200,7197,5527,302bbdd02b92d151aed08d00b0f421fca1df9ebaf0539647f345fdc841695cd9
56,6432,20,200,10284,8696,bf2d43ca2ffcff71535bace2de34ca88657359add5a47cbff868f2e375d771ea
57,4095,11,200,10300,7642,3d45d0f3f120ae02423989ee344692581dac184f96ecc856f57e7cc29dcd3817
58,2444,6,200,6752,4898,9e110a148a1ac6f330b5173476f5d596f1a29cb2db77d40e26d2905daf4408c4
59,7175,22,199,7191,5817,45172ad8e00ab7df4355f0661fbbad8221efe1a5b7190dc78c99a81e49193de2
60,597,1,199,6817,6198,31ea02c2239d818c41879931a95eca10a619c0db3bc8f700de5423c9d333cdfe
61,495,1,200,14336,12014,5bbb01cc72f9911169a14b1850c2a906f71d01df20f2af087b2f05c45c586760
62,7164,22,199,5995,4668,c9e22e788c26a726ff02b7de897b0e2aa2709aabcc2bcec341ff9ed69e47b219
63,522,1,199,10393,8046,a4444547f0ff22b27831bdfd13f2ce75a499320c369353c91215e2de8c8cb0a6
64,9549,33,199,8312,6807,5fd6ac43851bdd52049d083df64e67e04ff766504452f2aa92c8ae78b08e987c
65,8888,29,199,6862,5760,01757114475f23ddf4e216c5e1005907e3820200287af6dfe93e5228e4e28315
66,4983,14,199,11406,8382,225a33064397ac64553c1222c92a911b82d0ab82fe785571917120aa8de14e61
67,4655,13,200,9573,7891,a348ab1d5944242dbd219a1e1ae6e97b97091a51b5c604842562da005dbf5d1a
68,9282,31,200,9919,8217,4b8cfde6367175dd412601ce2c23d851dd3d675a4596da7b991ec48e5d77acfa
69,3657,10,200,7911,6992,e25a0920481566b73bc5bab100ae2711094af3623769c0c5ad99b791dc7f6337
70,5662,16,200,6872,7878,45a0a4212422f40eb89e4a0cf4b2e26db032c218eacd199d5a7fb0c9c55d9ab3
71,3770,10,199,6738,5188,ac6d3f5d9875b5d6aab568e3a71d9ea4122d82336e6ba0f60bb04fb22b73a87b
72,5793,17,200,11390,10442,ce28b29620631f53245860baeef919701d4f12414c75bfb448359337fc3f7631
73,9389,32,198,11699,8577,e118a7048d4c7800da6e552cb1be73dfcded3c1907991b5bec90853a9b41a8c5
74,7504,24,119,6306,5462,78405035dbb22f31b7ec8b3560517d32decbe632ff1c46970ae3518577c91180
75,6419,20,200,11616,11596,a3b6796f6150e94ffa36d0ba4a5b1ecda258cff4f887f9ca571d2fd45a703ed7
76,7267,23,199,7802,6856,906c7111c0a865ab9ab67dde4f5f62bfebdcfe308ca7d3961c71613d8c22e191
77,9033,30,200,8957,7798,c194efbeea4b83782e3f79883d685c044d1c991c40baa1c67d43fff489f59b05
78,5690,17,199,11782,9860,386ea32f7ec9920769f71d6b49c72ece4b14aec3c1f11a318a3378bae4bf5487
79,8836,29,194,7186,6509,e0965c47d394b46f287eede8eaaec0abedebb2adf5117533cd2de7d887195429
80,901,2,198,8250,6539,78f5e29c75d04f12d9a31029aa14cacdc28e89363f9cdadff981e18b720908ca
81,1386,3,199,8466,7925,211a7182ba25fc726a3ab57be15fa4dc23415bf00f922d9d955bf30396a33c63
82,4422,12,126,7263,6132,350b42046e731e41ef9ddb1f57ce37b54c6a816a8ea31811f9c06fcee1ad88f5
83,2091,5,199,7801,6831,4efef161bc8769a866300e30a0d6a1be535b9b75a3a4166b7ada1571599c6511
84,9735,34,200,9001,6436,8e4e2ea9493864db0dfe6f87a0b81d4b30955d7916278cfc8ef27632fafe6125
85,8547,27,200,10114,8673,73f7c3944707af575625f416e7d3ed7267e581a18ac0c5930fc1d6fc6fc35223
86,4050,11,197,8504,6223,22724d0becf048c25c1db7f52241758b6af3b5634a6657bccf9df133091e1d40
87,7941,25,199,9116,9676,20b3c1cfc29ee9fcbced686846ee49391ba867862f543b9ff066ce4e2f578f69
88,3658,10,199,8599,6567,bed46a3cafcb1b96ff1567b14cd2064bed0f6825344fd9836e55c0bce3f6b53f
89,2588,7,199,8005,6519,1485258aa46734e580ae2573bf204712a80bbb0eec1ae06798966ecafb816f1a
90,6260,19,199,8686,8802,90bb5dd3529e994b1f56c07a2f8944ae8ba9c7efc010cb337fee7a24e2593f15
91,6713,21,200,9136,8655,f9b86a785b840abd5a73e5839b93bdd72644fcef0fdd7db2c9b8184e08bd9b29
92,8061,26,199,6831,6691,f9b5624734aa469f748badb048aec9ae748afa8c036fc33a56f446dc44972b3e
93,9184,31,199,9350,9187,d45b01a6d6244ea8b3429962c128ec14d8aa82a0fe48e2536c3a726d4168a0e7
94,2601,7,199,9739,8594,cd8e43b01f81b6aa61adf5ca6108d83fae1ae7345cfe061b3e2554398e0728ba
95,8606,28,199,6717,4941,7c22acacd39fe9a63818bf3186cab355b2fed5b1331bcd792a7a5c2ec6c8194c
96,9078,30,199,7694,7025,ac9755c49a690966040a0ef9e1bf8ced2d8284cac3279b9bd145cd6b24b44978
97,6254,19,200,7565,7799,27692033e931c47ddb1963bf45c2e8706ca25e81dfe9bb86af263289a885c412
98,8575,28,157,8147,5914,a691127847f7732e3f9e871cd77ff404e326907e045921266927b0c480716244
99,6046,18,200,3795,3633,be29eb02804f0d379224d6e54631f7af38ad785a5dfac7eeb1ddeaa553f8bebd
