audit_rank,source_index,label,clean_prediction,clean_correct,clean_margin,horizon_steps,input_count,unique_candidates,event_weighted_candidates,class_change_rate,adverse_rate,corrective_rate,lateral_rate,class_changed_unique,adverse_unique,corrective_unique,lateral_unique,minimum_clean_class_margin,minimum_true_class_margin,distinct_candidate_classes,previous_candidates,previous_class_change_rate,previous_adverse_rate,next_candidates,next_class_change_rate,next_adverse_rate,previous_minus_next_class_change_rate,time_tertile_1_class_change_rate,time_tertile_2_class_change_rate,time_tertile_3_class_change_rate,feature_quartile_1_class_change_rate,feature_quartile_2_class_change_rate,feature_quartile_3_class_change_rate,feature_quartile_4_class_change_rate,paired_neither_changed,paired_next_only_changed,paired_previous_only_changed,paired_both_changed,paired_direction_discordance
0,7043,22,22,1,18.18608856201172,199,6469,6489,12933,0.0,0.0,0.0,0.0,0,0,0,0,13.341800689697266,13.341800689697266,1,3244,0.0,0.0,3245,0.0,0.0,0.0,0.0,0.0,0.0,0.0,0.0,0.0,0.0,3242,0,0,0,0.0
1,4284,12,12,1,5.544086456298828,199,6284,5653,12565,0.0019458694498496374,0.0019458694498496374,0.0,0.0,11,11,0,0,-1.0221080780029297,-1.0221080780029297,2,2826,0.0031847133757961785,0.0031847133757961785,2827,0.0007074637424831977,0.0007074637424831977,0.002477249633312981,0.0012091898428053204,0.002840909090909091,0.011799410029498525,0.0,0.0028708133971291866,0.002810304449648712,0.0009103322712790169,2814,2,9,0,0.00247787610619469
2,9407,32,32,1,15.144571304321289,199,9526,8061,19049,0.0,0.0,0.0,0.0,0,0,0,0,10.93098258972168,10.93098258972168,1,4030,0.0,0.0,4031,0.0,0.0,0.0,0.0,0.0,0.0,0.0,0.0,0.0,0.0,4029,0,0,0,0.0
3,5264,14,14,1,0.791987419128418,148,4671,4793,9337,0.07698727310661381,0.07698727310661381,0.0,0.0,369,369,0,0,-3.6341962814331055,-3.6341962814331055,2,2396,0.07679465776293823,0.07679465776293823,2397,0.07717980809345015,0.07717980809345015,-0.00038515033051192415,0.08902077151335312,0.07014388489208633,0.09375,0.04591836734693878,0.061386138613861385,0.07417397167902899,0.08394020697585282,2040,170,169,15,-0.0004177109440267335
4,7289,23,23,1,4.188239097595215,199,9429,7984,18850,0.0,0.0,0.0,0.0,0,0,0,0,0.1484508514404297,0.1484508514404297,1,3990,0.0,0.0,3994,0.0,0.0,0.0,0.0,0.0,0.0,0.0,0.0,0.0,0.0,3988,0,0,0,0.0
5,7340,23,23,1,2.917844772338867,199,10263,8868,20522,0.022327469553450607,0.022327469553450607,0.0,0.0,198,198,0,0,-3.523130416870117,-3.523130416870117,2,4433,0.023685991427926913,0.023685991427926913,4435,0.0209695603156708,0.0209695603156708,0.0027164311122561124,0.03049095607235142,0.018689859363434494,0.02485284499672989,0.02952029520295203,0.02576112412177986,0.022712731925783748,0.021009313406974227,4235,92,104,1,0.002707581227436823
6,314,0,0,1,28.56808853149414,200,8918,8553,17831,0.0,0.0,0.0,0.0,0,0,0,0,22.731508255004883,22.731508255004883,1,4276,0.0,0.0,4277,0.0,0.0,0.0,0.0,0.0,0.0,0.0,0.0,0.0,0.0,4274,0,0,0,0.0
7,8998,30,0,0,0.5855522155761719,200,8599,7104,17194,0.8324887387387387,0.0,0.0,0.8324887387387387,5914,0,0,5914,-4.0377092361450195,-6.63932466506958,2,3551,0.8389186144747959,0.0,3553,0.8260624824092316,0.0,0.01285613206556424,0.9336258913878223,0.7820669934640523,0.9948051948051948,0.9607142857142857,0.8585164835164835,0.8509293680297397,0.8018203170874927,262,310,356,2622,0.012957746478873239
8,3424,9,9,1,19.724918365478516,200,11190,9967,22275,0.0,0.0,0.0,0.0,0,0,0,0,15.55028247833252,15.55028247833252,1,4980,0.0,0.0,4987,0.0,0.0,0.0,0.0,0.0,0.0,0.0,0.0,0.0,0.0,4966,0,0,0,0.0
9,1755,4,4,1,16.146934509277344,200,7808,7115,15610,0.0,0.0,0.0,0.0,0,0,0,0,13.089492797851562,13.089492797851562,1,3558,0.0,0.0,3557,0.0,0.0,0.0,0.0,0.0,0.0,0.0,0.0,0.0,0.0,3555,0,0,0,0.0
10,1627,4,4,1,9.019545555114746,199,8193,6941,16383,0.00014407145944388418,0.00014407145944388418,0.0,0.0,1,1,0,0,-0.1269216537475586,-0.1269216537475586,2,3471,0.0,0.0,3470,0.00028818443804034583,0.00028818443804034583,-0.00028818443804034583,0.0006600660066006601,0.0,0.0,0.0,0.0,0.0004210526315789474,0.0,3468,1,0,0,-0.0002882675122513693
11,1986,5,5,1,12.258159637451172,200,8765,8566,17526,0.0,0.0,0.0,0.0,0,0,0,0,9.984439849853516,9.984439849853516,1,4282,0.0,0.0,4284,0.0,0.0,0.0,0.0,0.0,0.0,0.0,0.0,0.0,0.0,4281,0,0,0,0.0
12,4959,14,14,1,9.59066390991211,200,8853,7958,17679,0.0,0.0,0.0,0.0,0,0,0,0,5.089044570922852,5.089044570922852,1,3974,0.0,0.0,3984,0.0,0.0,0.0,0.0,0.0,0.0,0.0,0.0,0.0,0.0,3972,0,0,0,0.0
13,8189,26,27,0,0.11440467834472656,199,5121,6178,10236,0.5738102945937197,0.0,0.5738102945937197,0.0,3545,0,3545,0,-4.42310905456543,-2.901052474975586,2,3089,0.5768857235351247,0.0,3089,0.5707348656523147,0.0,0.006150857882810001,0.5348837209302325,0.5723377174374205,0.5942432683379758,0.5364963503649635,0.5843724023275145,0.5894251242015613,0.5491237387148168,597,709,729,1051,0.0064808813998703824
14,6316,19,19,1,10.364604949951172,199,7362,7188,14720,0.0,0.0,0.0,0.0,0,0,0,0,1.3060407638549805,1.3060407638549805,1,3593,0.0,0.0,3595,0.0,0.0,0.0,0.0,0.0,0.0,0.0,0.0,0.0,0.0,3592,0,0,0,0.0
15,8134,26,21,0,0.3157920837402344,147,5966,5197,11927,0.4594958629978834,0.0,0.06215124110063498,0.3973446218972484,2388,0,323,2065,-2.89805269241333,-2.781102180480957,5,2598,0.4603541185527329,0.0,2599,0.458637937668334,0.0,0.001716180884398899,0.5457875457875457,0.44577942082563154,0.4719904648390942,0.5775862068965517,0.5,0.4520851818988465,0.4311034877072613,763,638,642,553,0.0015408320493066256
16,7419,24,5,0,3.2653398513793945,200,10609,8310,21214,0.0,0.0,0.0,0.0,0,0,0,0,0.6354904174804688,-5.026786804199219,1,4155,0.0,0.0,4155,0.0,0.0,0.0,0.0,0.0,0.0,0.0,0.0,0.0,0.0,4153,0,0,0,0.0
17,813,2,8,0,1.6851005554199219,199,10853,8267,21701,0.219426636022741,0.0,0.017539615338091206,0.2018870206846498,1814,0,145,1669,-2.557260513305664,-4.51799201965332,3,4132,0.21999031945788963,0.0,4135,0.218863361547763,0.0,0.0011269579101266247,0.2053763440860215,0.2074468085106383,0.22731745719346585,0.3184931506849315,0.2972665148063781,0.22488816592110614,0.1955584303579129,2561,661,667,242,0.0014524328249818446
18,2554,7,7,1,34.02356719970703,200,11224,8818,22436,0.0,0.0,0.0,0.0,0,0,0,0,30.07992935180664,30.07992935180664,1,4405,0.0,0.0,4413,0.0,0.0,0.0,0.0,0.0,0.0,0.0,0.0,0.0,0.0,4403,0,0,0,0.0
19,914,2,8,0,9.255582809448242,200,6967,5290,13932,0.0,0.0,0.0,0.0,0,0,0,0,4.598275184631348,-11.379406929016113,1,2645,0.0,0.0,2645,0.0,0.0,0.0,0.0,0.0,0.0,0.0,0.0,0.0,0.0,2644,0,0,0,0.0
20,4499,12,12,1,8.241519927978516,200,8754,8058,17492,0.0,0.0,0.0,0.0,0,0,0,0,3.5083913803100586,3.5083913803100586,1,4026,0.0,0.0,4032,0.0,0.0,0.0,0.0,0.0,0.0,0.0,0.0,0.0,0.0,4024,0,0,0,0.0
21,5675,16,16,1,25.690040588378906,199,12347,11332,24686,0.0,0.0,0.0,0.0,0,0,0,0,20.562179565429688,20.562179565429688,1,5666,0.0,0.0,5666,0.0,0.0,0.0,0.0,0.0,0.0,0.0,0.0,0.0,0.0,5662,0,0,0,0.0
22,7886,25,25,1,9.812954902648926,200,9366,8164,18728,0.0,0.0,0.0,0.0,0,0,0,0,8.345452308654785,8.345452308654785,1,4081,0.0,0.0,4083,0.0,0.0,0.0,0.0,0.0,0.0,0.0,0.0,0.0,0.0,4080,0,0,0,0.0
23,9588,33,33,1,8.418025016784668,198,7584,5592,15164,0.0,0.0,0.0,0.0,0,0,0,0,5.487754821777344,5.487754821777344,1,2795,0.0,0.0,2797,0.0,0.0,0.0,0.0,0.0,0.0,0.0,0.0,0.0,0.0,2794,0,0,0,0.0
24,5356,15,15,1,2.8434133529663086,199,8540,6059,17073,0.004291137151345106,0.004291137151345106,0.0,0.0,26,26,0,0,-0.5102148056030273,-0.5102148056030273,2,3029,0.005282271376691978,0.005282271376691978,3030,0.0033003300330033004,0.0033003300330033004,0.0019819413436886774,0.02108433734939759,0.003127606338615513,0.004296455424274973,0.013043478260869565,0.010344827586206896,0.0033783783783783786,0.0024246622791825423,3001,9,15,1,0.0019828155981493722
25,8247,27,27,1,10.02542781829834,199,6264,6735,12522,0.0,0.0,0.0,0.0,0,0,0,0,5.804376602172852,5.804376602172852,1,3368,0.0,0.0,3367,0.0,0.0,0.0,0.0,0.0,0.0,0.0,0.0,0.0,0.0,3365,0,0,0,0.0
26,6763,21,10,0,3.905632972717285,198,5199,4263,10395,0.0,0.0,0.0,0.0,0,0,0,0,2.496096611022949,-9.650167465209961,1,2131,0.0,0.0,2132,0.0,0.0,0.0,0.0,0.0,0.0,0.0,0.0,0.0,0.0,2130,0,0,0,0.0
27,9763,34,34,1,10.1142578125,188,11118,10666,22220,0.0,0.0,0.0,0.0,0,0,0,0,4.208064079284668,4.208064079284668,1,5329,0.0,0.0,5337,0.0,0.0,0.0,0.0,0.0,0.0,0.0,0.0,0.0,0.0,5327,0,0,0,0.0
28,3277,8,8,1,12.609243392944336,197,8101,6772,16192,0.0,0.0,0.0,0.0,0,0,0,0,5.806891441345215,5.806891441345215,1,3386,0.0,0.0,3386,0.0,0.0,0.0,0.0,0.0,0.0,0.0,0.0,0.0,0.0,3381,0,0,0,0.0
29,5614,16,16,1,18.208873748779297,200,8463,8311,16888,0.0,0.0,0.0,0.0,0,0,0,0,17.918468475341797,17.918468475341797,1,4156,0.0,0.0,4155,0.0,0.0,0.0,0.0,0.0,0.0,0.0,0.0,0.0,0.0,4148,0,0,0,0.0
30,6776,21,21,1,5.469429969787598,198,5738,4476,11468,0.0,0.0,0.0,0.0,0,0,0,0,1.1413078308105469,1.1413078308105469,1,2238,0.0,0.0,2238,0.0,0.0,0.0,0.0,0.0,0.0,0.0,0.0,0.0,0.0,2234,0,0,0,0.0
31,8681,28,28,1,8.924102783203125,200,11223,9267,22337,0.0,0.0,0.0,0.0,0,0,0,0,3.085245132446289,3.085245132446289,1,4628,0.0,0.0,4639,0.0,0.0,0.0,0.0,0.0,0.0,0.0,0.0,0.0,0.0,4613,0,0,0,0.0
32,6440,20,20,1,25.732065200805664,199,10029,8781,20049,0.0,0.0,0.0,0.0,0,0,0,0,20.89065933227539,20.89065933227539,1,4390,0.0,0.0,4391,0.0,0.0,0.0,0.0,0.0,0.0,0.0,0.0,0.0,0.0,4386,0,0,0,0.0
33,9325,32,32,1,6.249759674072266,176,5736,5515,11450,0.0,0.0,0.0,0.0,0,0,0,0,0.08702850341796875,0.08702850341796875,1,2754,0.0,0.0,2761,0.0,0.0,0.0,0.0,0.0,0.0,0.0,0.0,0.0,0.0,2750,0,0,0,0.0
34,2304,6,6,1,12.186716079711914,199,5558,4436,11108,0.0,0.0,0.0,0.0,0,0,0,0,8.3836669921875,8.3836669921875,1,2218,0.0,0.0,2218,0.0,0.0,0.0,0.0,0.0,0.0,0.0,0.0,0.0,0.0,2214,0,0,0,0.0
35,4737,13,22,0,0.9571094512939453,198,8092,5817,16179,0.11913357400722022,0.0,0.11569537562317346,0.0034381983840467596,693,0,673,20,-1.3311071395874023,-2.2564210891723633,4,2907,0.11799105607155143,0.0,2910,0.12027491408934708,0.0,-0.0022838580177956536,0.13700384122919335,0.1152061855670103,0.08533333333333333,0.07796610169491526,0.12380952380952381,0.13257762444553967,0.11240029006526468,2254,309,302,41,-0.0024088093599449415
36,5974,18,18,1,6.16596794128418,199,5437,5032,10862,0.0,0.0,0.0,0.0,0,0,0,0,4.145362854003906,4.145362854003906,1,2513,0.0,0.0,2519,0.0,0.0,0.0,0.0,0.0,0.0,0.0,0.0,0.0,0.0,2510,0,0,0,0.0
37,8835,29,29,1,6.435885429382324,199,9819,8725,19631,0.0,0.0,0.0,0.0,0,0,0,0,3.0756912231445312,3.0756912231445312,1,4361,0.0,0.0,4364,0.0,0.0,0.0,0.0,0.0,0.0,0.0,0.0,0.0,0.0,4359,0,0,0,0.0
38,18,0,0,1,11.451509475708008,200,8531,8570,17023,0.0,0.0,0.0,0.0,0,0,0,0,6.192111968994141,6.192111968994141,1,4284,0.0,0.0,4286,0.0,0.0,0.0,0.0,0.0,0.0,0.0,0.0,0.0,0.0,4275,0,0,0,0.0
39,3083,8,8,1,8.398313522338867,153,4312,4450,8620,0.0,0.0,0.0,0.0,0,0,0,0,3.134823799133301,3.134823799133301,1,2224,0.0,0.0,2226,0.0,0.0,0.0,0.0,0.0,0.0,0.0,0.0,0.0,0.0,2223,0,0,0,0.0
40,90,0,0,1,23.143756866455078,198,7187,8166,14370,0.0,0.0,0.0,0.0,0,0,0,0,20.084842681884766,20.084842681884766,1,4084,0.0,0.0,4082,0.0,0.0,0.0,0.0,0.0,0.0,0.0,0.0,0.0,0.0,4081,0,0,0,0.0
41,2140,5,5,1,8.337272644042969,199,9118,6785,18229,0.0,0.0,0.0,0.0,0,0,0,0,5.694917678833008,5.694917678833008,1,3391,0.0,0.0,3394,0.0,0.0,0.0,0.0,0.0,0.0,0.0,0.0,0.0,0.0,3389,0,0,0,0.0
42,9497,33,33,1,9.262650489807129,200,8138,6420,16272,0.0,0.0,0.0,0.0,0,0,0,0,6.139913558959961,6.139913558959961,1,3209,0.0,0.0,3211,0.0,0.0,0.0,0.0,0.0,0.0,0.0,0.0,0.0,0.0,3208,0,0,0,0.0
43,2501,6,6,1,12.563587188720703,186,4439,4095,8871,0.0,0.0,0.0,0.0,0,0,0,0,5.812891960144043,5.812891960144043,1,2045,0.0,0.0,2050,0.0,0.0,0.0,0.0,0.0,0.0,0.0,0.0,0.0,0.0,2044,0,0,0,0.0
44,3505,9,9,1,2.9417505264282227,200,6533,7743,13059,0.01588531576908175,0.01588531576908175,0.0,0.0,123,123,0,0,-1.4893903732299805,-1.4893903732299805,2,3870,0.014728682170542635,0.014728682170542635,3873,0.017041053446940357,0.017041053446940357,-0.0023123712763977212,0.036619718309859155,0.015512589928057555,0.013945578231292517,0.023668639053254437,0.016523463317911435,0.01312828207051763,0.017048977061376317,3748,63,54,3,-0.002326783867631851
45,4757,13,13,1,0.19015121459960938,111,5503,5758,10994,0.3403959708232025,0.3403959708232025,0.0,0.0,1960,1960,0,0,-1.542884349822998,-1.542884349822998,5,2875,0.3398260869565217,0.3398260869565217,2883,0.3409642733263961,0.3409642733263961,-0.0011381863698743944,0.3187466234467855,0.35219399538106233,0.34942528735632183,0.3670886075949367,0.3412698412698413,0.34395198522622344,0.33638743455497383,1268,629,623,354,-0.0020876826722338203
46,5337,15,15,1,15.745081901550293,199,7884,6632,15762,0.0,0.0,0.0,0.0,0,0,0,0,11.136155128479004,11.136155128479004,1,3316,0.0,0.0,3316,0.0,0.0,0.0,0.0,0.0,0.0,0.0,0.0,0.0,0.0,3313,0,0,0,0.0
47,1252,3,3,1,7.5585832595825195,200,11707,10864,23397,0.0,0.0,0.0,0.0,0,0,0,0,4.528533935546875,4.528533935546875,1,5433,0.0,0.0,5431,0.0,0.0,0.0,0.0,0.0,0.0,0.0,0.0,0.0,0.0,5426,0,0,0,0.0
48,9829,34,34,1,7.948640823364258,200,10784,8505,21563,0.0,0.0,0.0,0.0,0,0,0,0,3.1944894790649414,3.1944894790649414,1,4251,0.0,0.0,4254,0.0,0.0,0.0,0.0,0.0,0.0,0.0,0.0,0.0,0.0,4250,0,0,0,0.0
49,6002,18,18,1,11.142875671386719,199,5436,4202,10864,0.0,0.0,0.0,0.0,0,0,0,0,8.97549819946289,8.97549819946289,1,2101,0.0,0.0,2101,0.0,0.0,0.0,0.0,0.0,0.0,0.0,0.0,0.0,0.0,2097,0,0,0,0.0
50,1534,4,4,1,2.1450843811035156,200,13591,11854,27145,0.00016871941960519654,0.00016871941960519654,0.0,0.0,2,2,0,0,-0.4598731994628906,-0.4598731994628906,2,5920,0.0,0.0,5934,0.0003370407819346141,0.0003370407819346141,-0.0003370407819346141,0.000676132521974307,0.0,0.0,0.0,0.0,0.0,0.0002778163633838033,5914,2,0,0,-0.0003380662609871535
51,8525,27,27,1,0.7999763488769531,199,6845,6749,13679,0.2327752259594014,0.2327752259594014,0.0,0.0,1571,1571,0,0,-3.1773128509521484,-3.1773128509521484,5,3375,0.23022222222222222,0.23022222222222222,3374,0.23532898636633076,0.23532898636633076,-0.005106764144108544,0.2253922967189729,0.22468949943545352,0.29836512261580383,0.246875,0.2016210739614995,0.2202541393916057,0.25342706502636203,1986,607,589,187,-0.005342831700801425
52,3223,8,8,1,9.015799522399902,200,6796,5395,13587,0.0,0.0,0.0,0.0,0,0,0,0,5.34670352935791,5.34670352935791,1,2696,0.0,0.0,2699,0.0,0.0,0.0,0.0,0.0,0.0,0.0,0.0,0.0,0.0,2695,0,0,0,0.0
53,3403,9,9,1,7.980031967163086,199,7070,7123,14135,0.0,0.0,0.0,0.0,0,0,0,0,5.95546817779541,5.95546817779541,1,3560,0.0,0.0,3563,0.0,0.0,0.0,0.0,0.0,0.0,0.0,0.0,0.0,0.0,3559,0,0,0,0.0
54,5439,15,15,1,8.724538803100586,199,5395,5975,10787,0.0,0.0,0.0,0.0,0,0,0,0,4.691494941711426,4.691494941711426,1,2987,0.0,0.0,2988,0.0,0.0,0.0,0.0,0.0,0.0,0.0,0.0,0.0,0.0,2986,0,0,0,0.0
55,1199,3,3,1,3.7886362075805664,200,7197,5527,14387,0.0,0.0,0.0,0.0,0,0,0,0,2.3257055282592773,2.3257055282592773,1,2762,0.0,0.0,2765,0.0,0.0,0.0,0.0,0.0,0.0,0.0,0.0,0.0,0.0,2760,0,0,0,0.0
56,6432,20,20,1,17.48031997680664,200,10284,8696,20562,0.0,0.0,0.0,0.0,0,0,0,0,12.94295883178711,12.94295883178711,1,4349,0.0,0.0,4347,0.0,0.0,0.0,0.0,0.0,0.0,0.0,0.0,0.0,0.0,4345,0,0,0,0.0
57,4095,11,4,0,0.20239830017089844,200,10300,7642,20598,0.542528133996336,0.0,0.542528133996336,0.0,4146,0,4146,0,-4.701257705688477,-3.9317665100097656,2,3821,0.5472389426851609,0.0,3821,0.5378173253075111,0.0,0.009421617377649794,0.59846547314578,0.5517826825127334,0.5371315659476371,0.5912408759124088,0.6021978021978022,0.5497851002865329,0.5185488270594654,878,851,888,1203,0.00968586387434555
58,2444,6,6,1,2.387303352355957,200,6752,4898,13498,0.0,0.0,0.0,0.0,0,0,0,0,0.2742195129394531,0.2742195129394531,1,2447,0.0,0.0,2451,0.0,0.0,0.0,0.0,0.0,0.0,0.0,0.0,0.0,0.0,2446,0,0,0,0.0
59,7175,22,13,0,3.155276298522949,199,7191,5817,14377,0.0,0.0,0.0,0.0,0,0,0,0,0.9352092742919922,-7.498968124389648,1,2908,0.0,0.0,2909,0.0,0.0,0.0,0.0,0.0,0.0,0.0,0.0,0.0,0.0,2906,0,0,0,0.0
60,597,1,1,1,10.151761054992676,199,6817,6198,13628,0.0,0.0,0.0,0.0,0,0,0,0,7.52573299407959,7.52573299407959,1,3100,0.0,0.0,3098,0.0,0.0,0.0,0.0,0.0,0.0,0.0,0.0,0.0,0.0,3096,0,0,0,0.0
61,495,1,1,1,4.928595542907715,200,14336,12014,28642,0.0,0.0,0.0,0.0,0,0,0,0,2.8986921310424805,2.8986921310424805,1,6004,0.0,0.0,6010,0.0,0.0,0.0,0.0,0.0,0.0,0.0,0.0,0.0,0.0,5998,0,0,0,0.0
62,7164,22,13,0,3.8294153213500977,199,5995,4668,11986,0.0004284490145672665,0.0,0.0004284490145672665,0.0,2,0,2,0,-0.25698280334472656,-7.350188255310059,2,2334,0.0004284490145672665,0.0,2334,0.0004284490145672665,0.0,0.0,0.0,0.0012987012987012987,0.0,0.003472222222222222,0.0,0.0,0.0005733944954128441,2330,1,1,0,0.0
63,522,1,1,1,4.9556169509887695,199,10393,8046,20780,0.0,0.0,0.0,0.0,0,0,0,0,1.3842763900756836,1.3842763900756836,1,4022,0.0,0.0,4024,0.0,0.0,0.0,0.0,0.0,0.0,0.0,0.0,0.0,0.0,4020,0,0,0,0.0
64,9549,33,33,1,13.853399276733398,199,8312,6807,16619,0.0,0.0,0.0,0.0,0,0,0,0,7.704401016235352,7.704401016235352,1,3403,0.0,0.0,3404,0.0,0.0,0.0,0.0,0.0,0.0,0.0,0.0,0.0,0.0,3401,0,0,0,0.0
65,8888,29,29,1,7.021943092346191,199,6862,5760,13718,0.0,0.0,0.0,0.0,0,0,0,0,2.012139320373535,2.012139320373535,1,2880,0.0,0.0,2880,0.0,0.0,0.0,0.0,0.0,0.0,0.0,0.0,0.0,0.0,2877,0,0,0,0.0
66,4983,14,14,1,0.3297281265258789,199,11406,8382,22806,0.0845860176568838,0.0845860176568838,0.0,0.0,709,709,0,0,-2.021176338195801,-2.021176338195801,3,4191,0.08375089477451682,0.08375089477451682,4191,0.08542114053925078,0.08542114053925078,-0.0016702457647339575,0.07450013694878116,0.08981612446958982,0.11451942740286299,0.08035714285714286,0.09849749582637729,0.09815720195562241,0.07560568086883876,3502,335,328,23,-0.0016714422158548234
67,4655,13,13,1,14.53689956665039,200,9573,7891,19137,0.0,0.0,0.0,0.0,0,0,0,0,12.093465805053711,12.093465805053711,1,3942,0.0,0.0,3949,0.0,0.0,0.0,0.0,0.0,0.0,0.0,0.0,0.0,0.0,3941,0,0,0,0.0
68,9282,31,31,1,2.8433170318603516,200,9919,8217,19833,0.00012169891687963977,0.00012169891687963977,0.0,0.0,1,1,0,0,-0.06081199645996094,-0.06081199645996094,2,4107,0.0,0.0,4110,0.00024330900243309004,0.00024330900243309004,-0.00024330900243309004,0.0,0.00019904458598726116,0.0,0.0,0.0,0.00033534540576794097,0.0,4105,1,0,0,-0.00024354603019970775
69,3657,10,10,1,6.566354751586914,200,7911,6992,15816,0.0,0.0,0.0,0.0,0,0,0,0,4.193144798278809,4.193144798278809,1,3496,0.0,0.0,3496,0.0,0.0,0.0,0.0,0.0,0.0,0.0,0.0,0.0,0.0,3493,0,0,0,0.0
70,5662,16,16,1,15.565927505493164,200,6872,7878,13740,0.0,0.0,0.0,0.0,0,0,0,0,7.464931488037109,7.464931488037109,1,3938,0.0,0.0,3940,0.0,0.0,0.0,0.0,0.0,0.0,0.0,0.0,0.0,0.0,3937,0,0,0,0.0
71,3770,10,10,1,6.08555793762207,199,6738,5188,13470,0.0,0.0,0.0,0.0,0,0,0,0,1.918583869934082,1.918583869934082,1,2593,0.0,0.0,2595,0.0,0.0,0.0,0.0,0.0,0.0,0.0,0.0,0.0,0.0,2591,0,0,0,0.0
72,5793,17,17,1,14.329487800598145,200,11390,10442,22776,0.0,0.0,0.0,0.0,0,0,0,0,8.683553695678711,8.683553695678711,1,5220,0.0,0.0,5222,0.0,0.0,0.0,0.0,0.0,0.0,0.0,0.0,0.0,0.0,5219,0,0,0,0.0
73,9389,32,32,1,4.58216667175293,198,11699,8577,23393,0.0062959076600209865,0.0062959076600209865,0.0,0.0,54,54,0,0,-1.7496519088745117,-1.7496519088745117,2,4289,0.006062019118675682,0.006062019118675682,4288,0.0065298507462686565,0.0065298507462686565,-0.00046783162759297427,0.011312217194570135,0.006303466906798739,0.005686433793663688,0.01444043321299639,0.006640106241699867,0.006706671373102718,0.005515485787017395,4232,28,26,0,-0.0004666355576294914
74,7504,24,13,0,1.2032294273376465,119,6306,5462,12606,0.1752105455876968,0.0,0.0,0.1752105455876968,957,0,0,957,-1.3321809768676758,-4.5192036628723145,4,2729,0.18614877244411873,0.0,2733,0.16428832784485914,0.0,0.021860444599259593,0.24873096446700507,0.18126684636118598,0.1690029092832584,0.2111801242236025,0.1723625557206538,0.18237314002289204,0.1639262580966617,1876,344,403,105,0.021627565982404694
75,6419,20,20,1,32.934547424316406,200,11616,11596,23217,0.0,0.0,0.0,0.0,0,0,0,0,20.841970443725586,20.841970443725586,1,5798,0.0,0.0,5798,0.0,0.0,0.0,0.0,0.0,0.0,0.0,0.0,0.0,0.0,5791,0,0,0,0.0
76,7267,23,23,1,8.374526023864746,199,7802,6856,15599,0.0,0.0,0.0,0.0,0,0,0,0,3.1538238525390625,3.1538238525390625,1,3428,0.0,0.0,3428,0.0,0.0,0.0,0.0,0.0,0.0,0.0,0.0,0.0,0.0,3426,0,0,0,0.0
77,9033,30,30,1,5.233388900756836,200,8957,7798,17910,0.0,0.0,0.0,0.0,0,0,0,0,3.978059768676758,3.978059768676758,1,3898,0.0,0.0,3900,0.0,0.0,0.0,0.0,0.0,0.0,0.0,0.0,0.0,0.0,3897,0,0,0,0.0
78,5690,17,17,1,13.465560913085938,199,11782,9860,23560,0.0,0.0,0.0,0.0,0,0,0,0,6.281740188598633,6.281740188598633,1,4930,0.0,0.0,4930,0.0,0.0,0.0,0.0,0.0,0.0,0.0,0.0,0.0,0.0,4928,0,0,0,0.0
79,8836,29,21,0,1.926579475402832,194,7186,6509,14367,0.09079735750499308,0.0,0.0,0.09079735750499308,591,0,0,591,-2.770533561706543,-7.126444339752197,3,3255,0.09155145929339478,0.0,3254,0.09004302397049785,0.0,0.0015084353228969338,0.12728380024360536,0.07075693464974142,0.13213703099510604,0.1377049180327869,0.08806584362139917,0.08660351826792964,0.09018759018759019,2711,244,248,49,0.0012300123001230013
80,901,2,2,1,3.578042984008789,198,8250,6539,16495,0.0,0.0,0.0,0.0,0,0,0,0,2.3784303665161133,2.3784303665161133,1,3270,0.0,0.0,3269,0.0,0.0,0.0,0.0,0.0,0.0,0.0,0.0,0.0,0.0,3267,0,0,0,0.0
81,1386,3,3,1,10.880423545837402,199,8466,7925,16923,0.0,0.0,0.0,0.0,0,0,0,0,7.999208450317383,7.999208450317383,1,3961,0.0,0.0,3964,0.0,0.0,0.0,0.0,0.0,0.0,0.0,0.0,0.0,0.0,3958,0,0,0,0.0
82,4422,12,12,1,8.819358825683594,126,7263,6132,14520,0.0,0.0,0.0,0.0,0,0,0,0,6.848235130310059,6.848235130310059,1,3065,0.0,0.0,3067,0.0,0.0,0.0,0.0,0.0,0.0,0.0,0.0,0.0,0.0,3063,0,0,0,0.0
83,2091,5,5,1,8.552709579467773,199,7801,6831,15595,0.0,0.0,0.0,0.0,0,0,0,0,7.1316938400268555,7.1316938400268555,1,3415,0.0,0.0,3416,0.0,0.0,0.0,0.0,0.0,0.0,0.0,0.0,0.0,0.0,3412,0,0,0,0.0
84,9735,34,34,1,11.758079528808594,200,9001,6436,17998,0.0,0.0,0.0,0.0,0,0,0,0,8.14930534362793,8.14930534362793,1,3217,0.0,0.0,3219,0.0,0.0,0.0,0.0,0.0,0.0,0.0,0.0,0.0,0.0,3216,0,0,0,0.0
85,8547,27,27,1,10.189599990844727,200,10114,8673,20219,0.0,0.0,0.0,0.0,0,0,0,0,6.486612319946289,6.486612319946289,1,4334,0.0,0.0,4339,0.0,0.0,0.0,0.0,0.0,0.0,0.0,0.0,0.0,0.0,4332,0,0,0,0.0
86,4050,11,4,0,1.367884635925293,197,8504,6223,17001,0.012373453318335208,0.0,0.0036959665756066207,0.008677486742728587,77,0,23,54,-0.9957809448242188,-3.888662338256836,4,3112,0.011568123393316195,0.0,3111,0.013179042108646738,0.0,-0.0016109187153305424,0.012987012987012988,0.009911003236245955,0.025727069351230425,0.027559055118110236,0.00510204081632653,0.01229895931882687,0.012549739822467095,3034,38,33,3,-0.0016087516087516086
87,7941,25,25,1,12.74243450164795,199,9116,9676,18228,0.0,0.0,0.0,0.0,0,0,0,0,9.136364936828613,9.136364936828613,1,4838,0.0,0.0,4838,0.0,0.0,0.0,0.0,0.0,0.0,0.0,0.0,0.0,0.0,4836,0,0,0,0.0
88,3658,10,10,1,2.2010879516601562,199,8599,6567,17191,0.020100502512562814,0.020100502512562814,0.0,0.0,132,132,0,0,-1.2211112976074219,-1.2211112976074219,2,3281,0.02072538860103627,0.02072538860103627,3286,0.019476567255021303,0.019476567255021303,0.0012488213460149673,0.03233830845771144,0.02046079779917469,0.0,0.018518518518518517,0.018682399213372666,0.015364916773367477,0.02462712452306625,3150,62,66,2,0.0012195121951219512
89,2588,7,23,0,1.5828475952148438,199,8005,6519,16005,0.07562509587360025,0.0,0.020095106611443474,0.05552998926215677,493,0,131,362,-2.152841567993164,-5.218476295471191,4,3260,0.07730061349693251,0.0,3259,0.07394906413010126,0.0,0.003351549366831255,0.06349206349206349,0.09369994660971703,0.049269311064718165,0.056179775280898875,0.06313416009019165,0.0804,0.07713787085514834,2785,220,231,21,0.0033773411114522566
90,6260,19,19,1,15.543002128601074,199,8686,8802,17364,0.0,0.0,0.0,0.0,0,0,0,0,11.1102294921875,11.1102294921875,1,4400,0.0,0.0,4402,0.0,0.0,0.0,0.0,0.0,0.0,0.0,0.0,0.0,0.0,4397,0,0,0,0.0
91,6713,21,21,1,5.625099182128906,200,9136,8655,18251,0.0,0.0,0.0,0.0,0,0,0,0,2.7554121017456055,2.7554121017456055,1,4325,0.0,0.0,4330,0.0,0.0,0.0,0.0,0.0,0.0,0.0,0.0,0.0,0.0,4319,0,0,0,0.0
92,8061,26,26,1,5.444704055786133,199,6831,6691,13653,0.0,0.0,0.0,0.0,0,0,0,0,3.010446548461914,3.010446548461914,1,3344,0.0,0.0,3347,0.0,0.0,0.0,0.0,0.0,0.0,0.0,0.0,0.0,0.0,3341,0,0,0,0.0
93,9184,31,31,1,6.807913780212402,199,9350,9187,18695,0.0,0.0,0.0,0.0,0,0,0,0,1.4373044967651367,1.4373044967651367,1,4594,0.0,0.0,4593,0.0,0.0,0.0,0.0,0.0,0.0,0.0,0.0,0.0,0.0,4591,0,0,0,0.0
94,2601,7,7,1,17.582273483276367,199,9739,8594,19470,0.0,0.0,0.0,0.0,0,0,0,0,13.970904350280762,13.970904350280762,1,4294,0.0,0.0,4300,0.0,0.0,0.0,0.0,0.0,0.0,0.0,0.0,0.0,0.0,4293,0,0,0,0.0
95,8606,28,28,1,23.855817794799805,199,6717,4941,13427,0.0,0.0,0.0,0.0,0,0,0,0,19.49724006652832,19.49724006652832,1,2469,0.0,0.0,2472,0.0,0.0,0.0,0.0,0.0,0.0,0.0,0.0,0.0,0.0,2467,0,0,0,0.0
96,9078,30,30,1,12.320735931396484,199,7694,7025,15381,0.0,0.0,0.0,0.0,0,0,0,0,10.579048156738281,10.579048156738281,1,3511,0.0,0.0,3514,0.0,0.0,0.0,0.0,0.0,0.0,0.0,0.0,0.0,0.0,3509,0,0,0,0.0
97,6254,19,19,1,6.636592864990234,200,7565,7799,15123,0.0,0.0,0.0,0.0,0,0,0,0,3.9336013793945312,3.9336013793945312,1,3899,0.0,0.0,3900,0.0,0.0,0.0,0.0,0.0,0.0,0.0,0.0,0.0,0.0,3896,0,0,0,0.0
98,8575,28,28,1,24.426830291748047,157,8147,5914,16286,0.0,0.0,0.0,0.0,0,0,0,0,17.914033889770508,17.914033889770508,1,2958,0.0,0.0,2956,0.0,0.0,0.0,0.0,0.0,0.0,0.0,0.0,0.0,0.0,2953,0,0,0,0.0
99,6046,18,10,0,1.652658462524414,200,3795,3633,7587,0.011835948252133223,0.0,0.011835948252133223,0.0,43,0,43,0,-0.7012758255004883,-2.968137741088867,2,1816,0.01486784140969163,0.0,1817,0.008805723720418272,0.0,0.006062117689273358,0.012755102040816327,0.013602251407129456,0.008115419296663661,0.0064516129032258064,0.008097165991902834,0.012675116744496331,0.01674641148325359,1772,16,27,0,0.006060606060606061
